system:index,consistent_change,latitude,longitude,.geo
0,1,-20.323529903684257,-41.07488246143046,
1,1,-9.748831873614485,-63.88732960706047,
2,1,-3.562314174940167,-60.710257941714964,
3,1,-3.4822742831251174,-42.44472343818432,
4,1,-18.723001561968506,-56.91927761120217,
5,1,-5.688626452451074,-56.61528771905613,
6,1,-9.73751310103458,-55.024730676994096,
7,1,-29.138158797578647,-55.311742410270284,
8,1,2.670017603224249,-51.17230558104753,
9,1,-28.56440482561151,-55.19100883608462,
10,1,-7.226901544977342,-47.448968391428934,
11,1,-8.613990175186295,-49.70113464024499,
12,1,-28.873245620291797,-49.94583572363915,
13,1,-5.270370856165024,-45.415092756653934,
14,1,-11.151281695181883,-44.466202322038484,
15,1,-10.546266351327386,-65.28600650443457,
16,1,-1.5429912477678949,-55.954756490643035,
17,1,-9.97736328189449,-47.348177416550726,
18,1,-24.90251240142669,-54.011970025677755,
19,1,-9.129263822157252,-47.68477615351031,
20,1,-16.231254626877774,-50.83166442530941,
21,1,-3.3550728388937925,-52.56963500549544,
22,1,-6.740733313211856,-55.29584222974137,
23,1,-16.981258057589162,-42.6775667598281,
24,1,-2.5899777114091966,-46.82832236163076,
25,1,-29.292309700333554,-55.49526822281591,
26,1,-17.620229719183378,-53.23717309312467,
27,1,-14.44504451593452,-48.49622434965548,
28,1,-14.178514371136256,-59.44228591818026,
29,1,-7.684503350707826,-41.11934906799438,
30,1,-9.335696674447917,-50.844600165400735,
31,1,-5.523156777116257,-60.944179241699686,
32,1,-3.0642881814243035,-46.40009546569098,
33,1,-18.94102268142431,-46.66042723502882,
34,1,-3.2693735607887904,-51.419432115708815,
35,1,-2.308355869837727,-54.09524385251563,
36,1,-20.52618983178162,-46.67363246970538,
37,1,-20.650157340990113,-42.0439849899386,
38,1,-12.717045235402207,-38.60496458774384,
39,1,-1.6693842082435113,-55.681758475799114,
40,1,-12.509803899355834,-46.45965376902811,
41,1,-23.0130858643381,-48.26095557674458,
42,1,-0.3693423290657396,-52.11041623225355,
43,1,0.2270491880612111,-53.10673771387051,
44,1,-9.180198298766829,-60.689506858651804,
45,1,-7.945104614630899,-41.329554844478345,
46,1,-3.5663565937187043,-53.524184826400855,
47,1,-30.69125609229289,-53.127219302348436,
48,1,-20.03382322455571,-46.119821097045694,
49,1,-23.15430102700169,-47.44465647806517,
50,1,-7.752954975357734,-49.59791821409966,
51,1,-9.366688551750041,-44.89685466924538,
52,1,-15.210139643419115,-59.42746371599229,
53,1,-16.397802280553535,-53.4050682197266,
54,1,-30.855647789286763,-54.17636172267162,
55,1,-14.744722494716793,-54.65767905190286,
56,1,-13.504777908046616,-39.84383119607307,
57,1,-0.29792626397823785,-51.95922976993623,
58,1,-4.461887100457456,-62.13130288966363,
59,1,-22.231282072568884,-51.96219421037382,
60,1,-15.522483867707475,-59.24744133305473,
61,1,-3.3122231998412923,-54.11276100055596,
62,1,-8.316198658500674,-70.90335163909076,
63,1,-16.36815787617759,-43.22706621912401,
64,1,-14.208428270097436,-55.47263067765609,
65,1,-10.219099924851054,-44.1056185669929,
66,1,-3.9078062332125336,-55.398789161301465,
67,1,-14.83715913745269,-55.04063085752301,
68,1,-2.5347313214358467,-67.01131083911451,
69,1,-29.53135139743776,-51.99480305518736,
70,1,-6.602752085571098,-55.32198320450925,
71,1,-9.062968154189232,-51.66844511246674,
72,1,-26.140031536829746,-51.50135846962051,
73,1,-4.764529519677322,-52.3753294095404,
74,1,-1.4502851104467593,-46.086673263061684,
75,1,-3.5803703121509693,-61.66184332218277,
76,1,-7.104820497865499,-55.62139168870628,
77,1,-5.280611650403986,-60.19067238138023,
78,1,-7.969359127302126,-40.08826278488199,
79,1,-2.931427350903026,-44.941860264979766,
80,1,-3.7024513592628123,-59.38838700113308,
81,1,-4.99818132507681,-70.17032636724923,
82,1,-16.41504993400863,-46.97977831853331,
83,1,-8.95705678219154,-48.21487200266924,
84,1,-2.1609423317137137,-50.216138792630716,
85,1,-18.64969903478435,-47.61120413174093,
86,1,-16.638999934339626,-45.39784510319883,
87,1,-12.137362382559882,-55.949097104353086,
88,1,-17.135139465758837,-42.36710899763639,
89,1,-8.311347755966427,-42.45146080281522,
90,1,-2.020266158220596,-55.783357934433035,
91,1,-3.9420320455374886,-44.54139131131929,
92,1,-24.00186149756846,-53.77265883398831,
93,1,-1.9704096599519625,-44.60741748470207,
94,1,-2.2207701296360733,-45.88563030247573,
95,1,-4.599598833512977,-44.88580539125071,
96,1,-3.037608217485954,-61.48235992841569,
97,1,-9.692776999885428,-54.23241659640068,
98,1,-16.906338562893595,-50.016982294141414,
99,1,-15.221188921413784,-52.44755395838361,
100,1,-31.04483298812233,-53.6117705666025,
101,1,-2.5870132709716023,-48.042664962703526,
102,1,3.71969901271791,-64.1603276219044,
103,1,-12.688478809367208,-60.3227247281458,
104,1,-4.380230241130991,-45.851404490150784,
105,1,-11.55067267050142,-51.906947820400475,
106,1,2.261463812006691,-52.29502002314011,
107,1,-24.59555806884305,-48.00763066662287,
108,1,-1.7337934141148805,-62.8082732877761,
109,1,-7.932168874539578,-55.3238696666059,
110,1,-14.844435491254057,-57.38738970575685,
111,1,-21.171090374251023,-54.97190973828787,
112,1,-13.203752456338165,-53.682917137104766,
113,1,-3.88597717180843,-52.07780738744001,
114,1,-3.9131961249172518,-59.90716407771211,
115,1,0.5213372751387659,-63.753390798198254,
116,1,-10.6583760987855,-48.33318012558779,
117,1,-2.6012964839891017,-53.32799276834915,
118,1,-6.23192753628656,-36.44954689502746,
119,1,-21.81976384091373,-48.60995106462501,
120,1,-24.516057166198472,-47.60931766964427,
121,1,-2.747632043772172,-55.71140288017506,
122,1,-18.417933691481515,-40.525652496719786,
123,1,-2.839260202752363,-59.17791173006388,
124,1,-0.4399499103975337,-62.76353718662695,
125,1,-0.5353509935710274,-63.30845523797385,
126,1,-9.059734219166401,-44.50447055314197,
127,1,-7.4311784405861205,-46.20120846178692,
128,1,-18.73890174249742,-46.80433734354477,
129,1,-9.901635303443214,-66.64830163280182,
130,1,-3.473919950982805,-50.36543879285138,
131,1,-14.200343432540361,-51.319719119171545,
132,1,-11.744978266456474,-47.78448915004758,
133,1,-3.6458574963632815,-58.77771227098864,
134,1,-3.7932710344872946,-45.65655990502526,
135,1,-10.427149744653136,-41.4028573716625,
136,1,-2.388665256238011,-47.9213923993474,
137,1,-1.5535015365920932,-52.066219120274866,
138,1,-8.188727719684113,-49.86094492928986,
139,1,-8.100333495726751,-46.88437723535982,
140,1,-10.330401188553463,-44.57103571569523,
141,1,-11.835528447095722,-43.217364414055524,
142,1,-28.248557171715085,-50.866968215975305,
143,1,1.7178932335859685,-60.88057851958402,
144,1,-9.757994689512504,-50.865081753878655,
145,1,-22.602106621853423,-45.30190503085487,
146,1,-4.7863585810814255,-37.775729748973106,
147,1,-4.971770855723695,-42.843036435162915,
148,1,-6.98705136411743,-51.70078446269505,
149,1,-9.714875555874766,-49.72727561501287,
150,1,-15.734845600873328,-59.16847941958063,
151,1,-6.764718331297849,-52.13143680990194,
152,1,-8.99748096997692,-68.6705890004117,
153,1,-30.074921975858487,-53.95510666819298,
154,1,-2.623125545393207,-49.37396821376866,
155,1,-8.996672486221211,-61.58045595744154,
156,1,-7.63734179829155,-46.78816766843062,
157,1,-14.343714551885839,-43.797855750653554,
158,1,-7.217738729079323,-49.6523561203173,
159,1,-4.6896100249817545,-39.256063505673666,
160,1,-10.471077362046582,-62.15636588609057,
161,1,-5.487852986450361,-43.424336255516664,
162,1,-0.5916753618853212,-49.85771099426702,
163,1,-6.914557320688984,-47.059009726592656,
164,1,-4.128252803935465,-47.25008138752487,
165,1,1.3826419695525631,-64.11586101534049,
166,1,-25.399190922016373,-52.78657814661031,
167,1,-16.22829018644018,-59.359820575098084,
168,1,-6.634821941214166,-62.34420361199996,
169,1,-7.283764902462107,-42.16903047748804,
170,1,-16.863488923841096,-40.22489653959657,
171,1,-2.5115547871055623,-47.84081351836187,
172,1,-4.999528798002989,-55.967422736149125,
173,1,-2.408877350130701,-49.832917492425324,
174,1,-4.648107858855432,-59.5824231025029,
175,1,-3.850403886557296,-62.80315289065662,
176,1,-8.176061474178027,-55.16459836673151,
177,1,-13.414497221992605,-39.75193354250764,
178,1,-3.6550203122613008,-61.99682509163094,
179,1,-11.114899926175042,-54.398155766320734,
180,1,-0.2526511736586139,-63.57821931779495,
181,1,-1.6343499121628495,-46.378805393457355,
182,1,-0.6393759034720672,-59.15823862534167,
183,1,-16.31345047537471,-45.42263860504053,
184,1,-18.286420333886415,-44.71117290001787,
185,1,-0.4078800547544672,-64.57130686438907,
186,1,0.6868069504735814,-60.40492057664274,
187,1,-10.681822127701022,-49.38744294303045,
188,1,-6.983008945338892,-50.42607507452945,
189,1,-11.3986777244284,-45.12727253962204,
190,1,-2.6767549678551417,-55.279133565456746,
191,1,-2.74520659250505,-52.00288789274444,
192,1,-3.1825963043428454,-47.09081008765048,
193,1,-19.452253909616733,-50.821423631070445,
194,1,-3.893253525609798,-62.628789894009024,
195,1,-13.789633684640915,-49.88061803401207,
196,1,-5.503753166979275,-60.41084945751793,
197,1,-10.117500466217138,-49.92966604852499,
198,1,-3.610014716526913,-61.550003069309895,
199,1,-12.21928873647158,-37.85523065161769,
200,1,-11.363104439177267,-47.25115936586582,
201,1,-6.321399738584865,-46.98948012360181,
202,1,-6.777115082218697,-55.01529836651085,
203,1,-12.318193249253142,-41.93457018833285,
204,1,0.5579885387308421,-63.695988451543016,
205,1,-5.24072645178908,-60.13003609970217,
206,1,-2.399175545062209,-56.81983410925014,
207,1,-5.575169232066778,-47.749454853966924,
208,1,-9.102583858218903,-47.70930016076677,
209,1,-9.263202631019471,-67.95265542534337,
210,1,-28.494605728035424,-52.10071442718505,
211,1,-23.639930269596704,-54.69298284256876,
212,1,-10.392115448572476,-61.3268615527346,
213,1,-12.257556967575074,-51.30031550903456,
214,1,-14.806975743906275,-39.400782097945324,
215,1,-10.547613824253563,-54.43938843786182,
216,1,-12.050046136943465,-58.296933930927864,
217,1,-5.466562914216728,-40.32999942783856,
218,1,-10.233113643283318,-43.6170248839603,
219,1,-12.226834584858185,-38.35783805308256,
220,1,-13.063884766600754,-50.479973991576614,
221,1,-8.117311654596612,-49.17049980191559,
222,1,-1.303680056078453,-53.48510811154165,
223,1,-3.154568867478315,-64.45030379561818,
224,1,-4.5082401691180225,-43.77467921632327,
225,1,-10.00539071875902,-63.174246934526394,
226,1,-27.309907531338595,-48.81099402521096,
227,1,-2.4940376390652323,-49.09504131804955,
228,1,-20.45773820713171,-43.55396315101511,
229,1,-4.117203525940794,-48.86058102889436,
230,1,-8.117850643767085,-50.7376108150621,
231,1,-4.250603345632544,-49.49443229336909,
232,1,-23.756890919589065,-47.14632597220907,
233,1,-12.18236797829427,-63.29929242207584,
234,1,-16.961584952866946,-45.58083192657398,
235,1,-17.01790932118124,-45.268757196870865,
236,1,-31.799956815953202,-54.24211840146917,
237,1,-1.1977686840807618,-52.740225077949745,
238,1,-16.486196504510897,-52.36670558281285,
239,1,-15.640253001455541,-44.75510051741132,
240,1,-22.62555265076894,-42.648730839207865,
241,1,-1.3284735579201525,-53.69181045841755,
242,1,-10.337677542354832,-60.01442292263598,
243,1,-5.7492627341291405,-43.2435053888234,
244,1,-19.942464560160754,-47.72951225465947,
245,1,-19.306187844418897,-48.276316768103015,
246,1,-5.975368691142024,-61.487749820120406,
247,1,-4.139032587344899,-54.021402336161,
248,1,-3.100130961260672,-59.88964692967178,
249,1,-1.8572219341529026,-46.386351241843954,
250,1,0.9953782505686375,-60.75202960242652,
251,1,-11.46093097361788,-48.185497092878535,
252,1,-16.897175746995575,-40.45477542080276,
253,1,-9.54293801049429,-64.20668069056497,
254,1,-17.60001762529069,-47.55299330132998,
255,1,-20.904829724038,-57.43616822568454,
256,1,-11.891313826239543,-51.38951821674763,
257,1,-13.386469785128075,-60.914804331908975,
258,1,-1.6179107424634624,-53.21723049381721,
259,1,-4.450568327877549,-54.80266713875975,
260,1,-2.079554966972485,-54.939839882644804,
261,1,-8.717206601331629,-54.609439521145646,
262,1,-3.2011914307241183,-44.63248048112901,
263,1,1.504723016664406,-61.123662635466765,
264,1,-15.302576286155013,-47.57024095478508,
265,1,-4.706588183851612,-61.256253971402806,
266,1,-21.679626656591086,-41.136057732279,
267,1,-3.5310528030528063,-52.99004655846338,
268,1,-26.292834966658475,-49.513027419750365,
269,1,-7.041758764920309,-59.484057578891814,
270,1,-3.7229329477407367,-49.22278175145135,
271,1,-10.789619961795363,-43.45586712198926,
272,1,-4.219341973745185,-46.74208409435529,
273,1,-7.059275912960639,-55.31578482904882,
274,1,-13.343889640660809,-61.874474549933865,
275,1,-4.472397389281654,-60.308711009713534,
276,1,-2.0596123676650313,-45.55226550053898,
277,1,-4.906822660681853,-48.76895286991416,
278,1,-3.4316093011007753,-60.70513754459548,
279,1,-3.282848290050583,-60.1055120924457,
280,1,-2.433940346557635,-47.01993301173346,
281,1,-15.82836022195017,-40.457739861240356,
282,1,-2.7724255456138716,-49.7666218244573,
283,1,4.167060024209432,-61.08539440436327,
284,1,-9.413580609581079,-35.735116749567204,
285,1,-17.00766852694228,-51.18012092401937,
286,1,-5.746298293691546,-52.119848542736804,
287,1,-13.730075381303791,-58.324422378621925,
288,1,-10.22529830031148,-43.17667073168491,
289,1,-18.215004268798914,-55.797910642035774,
290,1,-11.59945119042911,-49.54455828622296,
291,1,-2.320752620758575,-56.296745119307346,
292,1,-7.321224649809891,-55.169718763850994,
293,1,-10.176519780383789,-47.83542362665716,
294,1,-2.285718324677915,-46.4866032275517,
295,1,-12.94854108411981,-42.6918499728456,
296,1,-13.373534045036756,-48.83120611910365,
297,1,-9.641842523275852,-51.85224041959759,
298,1,0.07909666076672561,-51.63314132180085,
299,1,-4.794443418638502,-38.80654653750026,
300,1,-10.800399745204796,-55.46804926970708,
301,1,-2.9093287949136863,-54.330512625426536,
302,1,-2.4422946786999473,-56.59696208726008,
303,1,-6.6342829520436934,-47.08299474467864,
304,1,-8.068263640083686,-36.37220194906477,
305,1,-6.913209847762805,-64.62817022187384,
306,1,-7.735437827317402,-46.36074925624655,
307,1,-19.285706255940973,-46.680639328921515,
308,1,-3.320308037398367,-41.8658490690977,
309,1,0.6401843872277784,-63.50168285558796,
310,1,-16.97640715505492,-53.21642201006151,
311,1,0.7180683223609412,-66.0475982023111,
312,1,2.8891167010210004,-61.488019314705646,
313,1,0.7164513548495259,-59.61799638775403,
314,1,-8.06395172671991,-44.84106929010156,
315,1,-5.773517246800368,-37.35073678805616,
316,1,-9.419239995871035,-44.50851297192051,
317,1,-19.535258241869375,-56.091929234528095,
318,1,-3.2548208531860547,-54.030295657473786,
319,1,-3.399808940042944,-53.60557219114208,
320,1,-3.5302443192970996,-53.76026208306746,
321,1,-10.802555701886686,-44.07651315178743,
322,1,-4.474283851378304,-62.277368954861466,
323,1,2.4695136318087716,-51.669792585392926,
324,1,-5.026208761941338,-47.47537886078206,
325,1,-10.09324595354591,-54.725052698211826,
326,1,-13.342542167734631,-54.04403988132081,
327,1,-3.60624179233361,-61.56374729315692,
328,1,-5.276838726210685,-59.42126534053186,
329,1,0.4146174193853671,-60.64072833872411,
330,1,-15.350546322326998,-51.75441388515698,
331,1,-20.23540517431213,-46.285290772380506,
332,1,-9.158908226533196,-64.50770614227342,
333,1,-17.57845805847182,-52.967948002474046,
334,1,-14.620485490923063,-51.241296194867914,
335,1,1.0961692254468476,-67.66591318665242,
336,1,-16.42798567409995,-48.092251966386925,
337,1,-6.761484396275018,-62.43906570600298,
338,1,0.6288656146478724,-63.51461859567928,
339,1,-17.115196866451384,-49.13708247334634,
340,1,-16.53335805692717,-42.978053222366086,
341,1,-8.679477359398607,-70.51420145801018,
342,1,-5.5102210370249365,-60.79784368191662,
343,1,-19.490252646134987,-44.66967073389155,
344,1,-1.5499981069840265,-47.33631965480035,
345,1,-21.378062215712163,-51.83984366867675,
346,1,-8.275774470715294,-63.00392635665734,
347,1,-6.92722356619507,-36.50560176875652,
348,1,-6.272621218657174,-47.97771676766169,
349,1,-10.820072849927016,-45.41967416460294,
350,1,-6.081280063139716,-61.59554765421475,
351,1,-25.562774135254543,-52.33140179214695,
352,1,-10.541145954207902,-49.46559637274885,
353,1,-1.476426085214638,-55.15489656166302,
354,1,-13.883417800302993,-47.292392037406906,
355,1,-17.321899213327285,-45.42156062669959,
356,1,-4.764799014262558,-60.0093025255165,
357,1,-18.101008059244148,-42.14262000813493,
358,1,-16.48350155865854,-43.09690033445509,
359,1,-1.6532145331293586,-53.87614475471888,
360,1,-30.23634923241476,-54.82260973806721,
361,1,-20.436717629483315,-46.86578210897855,
362,1,-3.4617926946471913,-42.9481393234049,
363,1,0.5256491885025394,-63.73210072596462,
364,1,-18.27321509920986,-47.05550629698459,
365,1,-3.655289806846537,-50.74866009305677,
366,1,-28.3283275689449,-49.34432380939272,
367,1,-20.563380084544168,-49.802464604293675,
368,1,-11.810734945254023,-41.152227407393156,
369,1,-14.728013830432168,-55.93104096714228,
370,1,-3.6221419728625266,-51.201949985423475,
371,1,-2.1488150753781,-54.886749449353346,
372,1,-22.8702537341631,-43.59357885504478,
373,1,-5.609125549806495,-46.15997579024584,
374,1,-3.5833347525885637,-44.612807376406785,
375,1,-18.844274125324638,-41.995475964596146,
376,1,-2.3296459420713598,-50.00242958653868,
377,1,-18.369155171553825,-48.93388355607851,
378,1,-8.510773749040961,-61.648638087506214,
379,1,-16.927898129712464,-52.91620504210876,
380,1,-2.323717061196171,-46.80811026773807,
381,1,-13.299962023267366,-53.70312923099746,
382,1,-9.285570681594049,-67.47672798781684,
383,1,-4.3796912519605184,-56.33393537206989,
384,1,-7.028553530243751,-55.67717706785011,
385,1,-2.034010382067625,-50.89607363118078,
386,1,-2.8212040655415604,-55.34219529840193,
387,1,-3.2055033440878917,-65.67677365302656,
388,1,-3.9342167025656485,-51.081755400408284,
389,1,-20.10470030047274,-47.39453048521129,
390,1,-4.619002443649959,-62.09168718563396,
391,1,-10.068182957118974,-51.694047098064146,
392,1,-1.6486331251803508,-63.517583036116875,
393,1,-17.343997769316626,-43.32812668858746,
394,1,-15.400133326010394,-48.499727779263544,
395,1,-29.96389020674131,-54.918819304996404,
396,1,-4.853732227390391,-45.194646185931,
397,1,-11.34208386152887,-41.01990556604235,
398,1,-7.746487105312073,-66.77873701205598,
399,1,-14.549069425835558,-52.55265684662559,
400,1,-12.198537653408419,-61.491792238898945,
401,1,-3.301443416431858,-53.87021587384369,
402,1,-17.85118657873051,-42.3956754236714,
403,1,0.07936615535196179,-51.342626158916595,
404,1,-12.033067978073603,-48.63501406105195,
405,1,2.720413090663355,-61.54461317760517,
406,1,-21.79119741487873,-47.99442543194631,
407,1,-27.88366150330574,-49.26374492840719,
408,1,-1.872852620096583,-47.82275738115107,
409,1,-31.24937937831635,-52.438391142485585,
410,1,-18.713030262314778,-52.61544908498554,
411,1,-25.015430632640516,-48.37441279712887,
412,1,-2.952986917721895,-55.769074721415535,
413,1,0.09149341168757541,-68.17121553396964,
414,1,-5.117028437165822,-46.2559158625898,
415,1,-8.11865912752279,-44.58720539080938,
416,1,-11.77516166000289,-64.97069783970862,
417,1,-11.640683861970196,-52.66314962657229,
418,1,-0.4803740981829119,-49.80893247433933,
419,1,-11.795373753895579,-51.735279769605235,
420,1,-11.067199384588296,-49.60034366536678,
421,1,-16.339860944727825,-45.64362416493394,
422,1,-14.360153721585224,-53.829791686058314,
423,1,-8.810182233237999,-71.05561607974902,
424,1,-15.499037838791953,-45.37817199847662,
425,1,0.9495641710785421,-51.165029227246166,
426,1,-2.3088948590081975,-46.538346187916986,
427,1,1.391265796280111,-68.15127293466219,
428,1,-5.632841073307252,-37.71482397270981,
429,1,-13.665127186261952,-40.17935195469171,
430,1,-16.806625566356328,-52.109338253912604,
431,1,-16.47110480773769,-39.85703643074963,
432,1,-9.793028985593164,-55.83186695977549,
433,1,-16.599384230309955,-40.732085349010454,
434,1,-22.902593084391402,-45.38302290101086,
435,1,-6.293372301720335,-49.94610521822439,
436,1,-13.484835308739164,-41.96098065768596,
437,1,-9.272904436087963,-50.33821983974256,
438,1,-4.099416883315228,-43.494404847677984,
439,1,-9.61839649436033,-41.46133769665868,
440,1,-11.009797037933058,-51.96165522120336,
441,1,-19.292713115157106,-44.38400647354155,
442,1,-3.518117062961486,-54.491131398227104,
443,1,-13.243907149538309,-52.53864312819333,
444,1,-27.959119987171775,-55.01071695856183,
445,1,-11.958148483378036,-56.62013862159037,
446,1,-9.73939956313123,-65.07068033083112,
447,1,-4.528721757595947,-60.68169151567996,
448,1,-18.027705532059993,-40.11359527589416,
449,1,-5.7859139977212175,-49.150826697193374,
450,1,-15.07647032914213,-47.46864149615116,
451,1,-0.4065325818282872,-51.21326875800338,
452,1,-17.57468513427852,-46.31493517675646,
453,1,-12.489052816292673,-53.21669150464674,
454,1,-5.501327715712153,-45.02432560806194,
455,1,-6.89919612933054,-57.752015879580966,
456,1,-1.9652892628324805,-50.5850768798186,
457,1,-3.5404851135360618,-61.433850903073235,
458,1,-0.7347769866455609,-47.515803048567435,
459,1,-27.221243812795997,-52.17024403017591,
460,1,-2.415614714761598,-55.796024179939124,
461,1,-11.277944150242735,-42.12052145214559,
462,1,-5.498632769859795,-50.47350612153096,
463,1,-18.06112286062924,-42.5422804780397,
464,1,-22.36953279479488,-45.28304040988836,
465,1,-22.938974853398243,-49.0255117150587,
466,1,-7.675610029395043,-65.90018466418708,
467,1,-15.100994336398593,-48.08174167756273,
468,1,-7.053077537500214,-36.312104656557175,
469,1,-3.2974009976533187,-47.840274529191404,
470,1,-16.62633368883354,-56.15283501079139,
471,1,-0.7056715714400879,-63.800552350614524,
472,1,1.7567004538599322,-60.94768267130775,
473,1,-21.01774795525182,-54.830425081039046,
474,1,-9.71595353421571,-36.71634653441096,
475,1,-9.30443530256056,-48.536648537440854,
476,1,-1.7362188653820025,-45.61910015767748,
477,1,-1.4519020779581746,-55.616271291586806,
478,1,-8.561438731065302,-41.34141260622872,
479,1,-9.055961294973098,-44.52764708747226,
480,1,-14.26933404636074,-45.23992127625063,
481,1,-11.24695227294061,-45.2878913124226,
482,1,-6.280167067043778,-42.636603582872254,
483,1,-4.1128916125770205,-56.321269126563806,
484,1,-13.759450291094499,-56.91846912744646,
485,1,-4.451646306218492,-45.65817687253667,
486,1,-3.442928073680682,-59.906355593956405,
487,1,-1.6936387209147385,-48.1987023275551,
488,1,-6.110115983759953,-38.30636458730251,
489,1,-10.416100466658467,-64.67048087175587,
490,1,-2.4045654367669274,-45.6681481721904,
491,1,2.3258730178780604,-51.25288446203305,
492,1,-7.961813278915522,-50.353581031101,
493,1,-21.954511133531657,-48.202205757163156,
494,1,-19.17009307887479,-50.081391500012785,
495,1,-16.835461486976566,-45.33936477820265,
496,1,-18.447039106686987,-43.79462181563073,
497,1,-19.492408602816873,-53.968311902869544,
498,1,-31.18955158039399,-54.31676840157951,
499,1,-8.682172305250965,-70.97476770417826,
500,1,-3.181787820587137,-53.0946104575349,
501,1,-18.45997484677831,-49.227093664815115,
502,1,-16.405617623525373,-49.22628518105941,
503,1,-3.56851255040059,-61.73999675190117,
504,1,1.029873557478827,-60.76927725588162,
505,1,-12.38071599302786,-57.74608699870578,
506,1,-2.767844137664862,-48.65684312245605,
507,1,-3.7318262690535198,-60.13219205638405,
508,1,-3.263983669084074,-56.51207129291079,
509,1,-4.460809122116511,-49.19529330375729,
510,1,-8.19411761138883,-61.56293880940121,
511,1,-15.053832783982319,-59.21671895033785,
512,1,-5.90476110981023,-53.88476858144642,
513,1,-30.791238583415392,-54.83392851064711,
514,1,-10.369208408827426,-47.337936622311766,
515,1,-4.196434934000137,-48.16393752605967,
516,1,-14.685164191379666,-57.762256673819934,
517,1,-0.5329255423039045,-52.58984709938814,
518,1,-2.7109807801800967,-57.74420053660913,
519,1,-21.11395752218102,-42.19759690352304,
520,1,-0.39251886339602304,-56.04072526333328,
521,1,-4.790131505274728,-46.42030755958368,
522,1,-6.746123204916574,-55.59228627350081,
523,1,-21.91354795657581,-55.211220929977316,
524,1,0.04487084844177147,-49.74075034427466,
525,1,-4.146039446561031,-42.853546723987115,
526,1,-19.020254089483654,-40.9112992481923,
527,1,-3.8525598432391837,-62.475986464180295,
528,1,-19.980193802093773,-43.59411784421525,
529,1,-8.344765084535673,-56.22290360295271,
530,1,-5.282228617915401,-38.670990761126625,
531,1,0.01926886284436513,-49.508985000971826,
532,1,-3.057281322208172,-61.02799205770803,
533,1,-4.865589989140768,-45.89991351549324,
534,1,-10.401278264470495,-38.877693108002525,
535,1,-16.618518345861702,-45.198419110124306,
536,1,-13.374612023377697,-47.003224347448835,
537,1,-13.016992708769717,-56.4069684046688,
538,1,-0.5895194052034345,-49.85690251051132,
539,1,-2.1771120068278647,-50.623075616336855,
540,1,0.8676378171668411,-62.09626859358297,
541,1,-7.800925011529716,-54.76655486433815,
542,1,2.8645926937645374,-51.870027062223166,
543,1,-1.6340804175776134,-50.47323662694572,
544,1,-5.812593961659567,-47.2915835536512,
545,1,-11.03378205601905,-44.03716694234299,
546,1,-8.557665806872002,-70.54195940028947,
547,1,-1.8181452192937035,-47.868571460641164,
548,1,-11.215421406468018,-52.52705486102818,
549,1,-4.625739808280856,-60.491158843918214,
550,1,1.8211096597313015,-50.98770179016097,
551,1,-16.664332425351798,-49.53350900822829,
552,1,-5.845472301058343,-46.63347777650524,
553,1,-7.536820317998576,-48.497571822581655,
554,1,-2.3539004547425852,-55.89627616564686,
555,1,-0.5552935928784803,-51.774895473634906,
556,1,-16.2336800781449,-48.81773138984185,
557,1,-8.096291076948216,-44.19185683426838,
558,1,-3.3275843911997347,-50.62442308926303,
559,1,-8.646329525414597,-64.10292527524916,
560,1,-1.6065919698835556,-58.52196190959981,
561,1,-6.539420858040672,-48.42453878998274,
562,1,-2.6829533433155666,-44.18835340466031,
563,1,-10.756472127811353,-44.600680120071175,
564,1,-15.439749030040065,-53.40210377928901,
565,1,-1.7127728364664838,-53.60126027777831,
566,1,-5.315645946484648,-45.986151782768715,
567,1,-6.1243991967774525,-51.069358649487434,
568,1,-3.4696080376190315,-52.7068077493805,
569,1,-13.822781518624925,-46.9676510621977,
570,1,-10.081388191795533,-42.45577271617899,
571,1,-2.018918685294417,-54.12866118108488,
572,1,-21.696335320875708,-42.60695917849631,
573,1,-2.6277069533422166,-48.481132652882266,
574,1,-10.477006242921771,-49.67283770879523,
575,1,-8.77945985052111,-42.79021549645669,
576,1,-2.052605508448898,-56.09219872911333,
577,1,-3.8124051500390417,-54.05562814848596,
578,1,-26.06807648257177,-50.43362092291605,
579,1,-14.962204625002126,-48.047246370652545,
580,1,-15.077009318312601,-53.47405883354698,
581,1,-16.41882285820193,-50.78477236747837,
582,1,-3.282578795465347,-53.500738797485326,
583,1,-4.642178977980243,-42.69265845660131,
584,1,-12.09963314062686,-51.85466587086472,
585,1,-4.082169229860134,-69.49227799079581,
586,1,-16.970208779594493,-42.390555026551915,
587,1,-20.182314741020665,-45.89533210754423,
588,1,-6.961449378520023,-49.40010918853654,
589,1,-2.2738605629275375,-52.49094258660658,
590,1,-9.500896855197496,-44.43655791766254,
591,1,-13.07655101210684,-51.75899529310599,
592,1,-24.62035157068475,-53.97828320252327,
593,1,-8.775956420913044,-48.1318676704166,
594,1,-5.620444322386402,-46.31331820924504,
595,1,-9.076442883451026,-44.55971694311532,
596,1,-7.236872844631068,-57.05645035508722,
597,1,-5.548489268128429,-44.04147885570677,
598,1,-0.6423403439096624,-52.397158470944504,
599,1,-9.795184942275053,-64.09942184564109,
600,1,-2.274669046683244,-46.882760267848404,
601,1,-2.7923681449213253,-67.3012870128283,
602,1,-4.891730963908645,-40.230016936716055,
603,1,-8.938731150395501,-64.48965000506261,
604,1,-2.0631157972730962,-50.52282363062912,
605,1,-2.774312007710523,-55.61088139988209,
606,1,-9.97628530355355,-48.1642070206449,
607,1,-19.86997051673231,-48.77919366415313,
608,1,-15.852884229206634,-59.48297960055087,
609,1,3.4033123696510144,-60.32488068482769,
610,1,-26.24648189799791,-51.034324353406774,
611,1,-3.4693385430337953,-42.055573257103745,
612,1,-11.504589096426091,-47.25654925757054,
613,1,-12.330859494759224,-43.33243860195123,
614,1,1.0347244600130727,-60.97328465690516,
615,1,-15.5324551673612,-59.47462526840856,
616,1,-9.962271585121282,-45.212432828556565,
617,1,-9.831027722111422,-45.287621817837376,
618,1,-6.945549197991109,-41.51550610829109,
619,1,-10.086508588915013,-63.61891300016556,
620,1,-20.425129362318174,-46.915908101832414,
621,1,-22.412651928432613,-49.2074205600929,
622,1,-3.324350456176906,-59.36278501553568,
623,1,-22.49996817404903,-49.67310720338046,
624,1,-16.90014018743317,-45.54445015756714,
625,1,-9.049223930342205,-44.524413152449426,
626,1,-12.57502158898291,-54.809673997975885,
627,1,1.1724361930685951,-60.84446624516242,
628,1,-13.985017258936914,-59.577841694553896,
629,1,-5.6236782574092326,-47.9928084644349,
630,1,-0.47336723896678023,-63.612984119290374,
631,1,-19.219949577143424,-40.091227225319585,
632,1,-3.8021643558000777,-57.198204506921286,
633,1,-31.181736237422143,-54.71346443104669,
634,1,-11.373075738830991,-46.540232650013635,
635,1,-11.232938554508348,-40.729929392328565,
636,1,-14.48654668206084,-56.920625084128346,
637,1,-2.8791454013672704,-57.568220572450116,
638,1,-29.240566739968273,-50.81522525561002,
639,1,-10.077076278431758,-44.65862145589688,
640,1,-3.3273148966145003,-60.26532238149056,
641,1,-0.008489079434927937,-63.3343267181565,
642,1,-25.074449946807167,-54.24616082024771,
643,1,-7.980947394467267,-44.4152678454289,
644,1,-2.638486736751651,-48.0890180313641,
645,1,-7.848625553116462,-35.87417595554891,
646,1,-6.908089450643323,-56.65463392850056,
647,1,-6.045976272473818,-52.375868398710864,
648,1,-18.313908781580473,-46.2055203751507,
649,1,-0.992952799301511,-62.109473828259524,
650,1,-1.4942127278402042,-53.660010097359724,
651,1,-8.995055518709798,-72.69980254427298,
652,1,-11.670058771760907,-54.49032291447139,
653,1,-18.92539199548063,-40.322992568622425,
654,1,-7.706062917526695,-72.5240920746992,
655,1,-1.3290125470906249,-62.20945631938203,
656,1,-8.987509670323192,-48.01059510706047,
657,1,-10.701495232423238,-55.9469411476712,
658,1,-14.291163107764845,-39.78912379527019,
659,1,-16.68023260588071,-52.12604691819723,
660,1,-2.6592378198148117,-47.1239579216345,
661,1,-22.149086224071947,-55.23466695889283,
662,1,-0.9188417883616511,-49.453199621828006,
663,1,2.850309480747037,-60.178814619629854,
664,1,-6.253756597690665,-49.976019117185565,
665,1,-9.010416710068238,-67.3139532583344,
666,1,-19.909855715347216,-43.792196364363605,
667,1,-5.135893058132331,-44.110738964112386,
668,1,-6.105534575810943,-46.76795557453793,
669,1,-4.705510205510669,-48.770839332010816,
670,1,-13.270048124306186,-46.40467687364,
671,1,-7.312600823082344,-55.80357002832572,
672,1,-6.898387645574833,-60.09850523322957,
673,1,-3.831808760176023,-60.91776877234657,
674,1,-10.913048481833385,-48.80479564975053,
675,1,-7.968281148961183,-54.85737453956263,
676,1,-5.158800097877379,-36.69317000008068,
677,1,-2.688612729605519,-55.81947020885464,
678,1,1.7246305982168648,-60.61782129897907,
679,1,-20.019809506123444,-47.39291351769988,
680,1,-1.1444087562040623,-46.72294997880354,
681,1,-8.163934217842414,-44.573461166962346,
682,1,-2.5029309603780154,-56.136934830262476,
683,1,-29.568272155615077,-51.753335906816034,
684,1,-20.093112033307598,-40.77277903138107,
685,1,-15.521675383951766,-48.42696424124986,
686,1,-8.127821943420809,-49.988415868106415,
687,1,-30.415563131596606,-52.8563772441864,
688,1,-15.906244157083332,-44.702010084119856,
689,1,0.7080970227072143,-55.787400353211574,
690,1,-7.406654433329659,-43.17667073168491,
691,1,-19.512620696709565,-43.366125425105714,
692,1,-1.9297159775813482,-59.931149095798105,
693,1,-5.187636018497616,-38.85209112240512,
694,1,-1.3149988286583598,-55.098841687933955,
695,1,-8.80290587943663,-47.931363699001125,
696,1,-23.746111136179632,-50.13960233042373,
697,1,-12.812446318575702,-42.30296928635026,
698,1,-14.565778090120183,-47.24118806621209,
699,1,-12.273187653518754,-47.882046189902965,
700,1,-8.03808024653727,-63.66553556341137,
701,1,-6.0400473915986295,-52.83185323692993,
702,1,-3.320577531983603,-54.790809377009374,
703,1,-22.710173950533,-52.65802922945281,
704,1,-27.13527504010576,-49.948800164076744,
705,1,-11.819089277396333,-53.592097461880286,
706,1,-12.372900650056021,-57.305193857259916,
707,1,-17.140529357463556,-58.23441118715315,
708,1,-32.06190555280245,-53.267086992085844,
709,1,-5.494590351081256,-45.05019708824458,
710,1,-0.6504251814667379,-47.43333770548526,
711,1,4.311239627310615,-60.1055120924457,
712,1,-7.627370498637824,-49.548331210416265,
713,1,-12.523278628617629,-47.34359600860172,
714,1,-1.6203361937305845,-54.92367020753065,
715,1,-20.78894705238658,-44.526030119960836,
716,1,-12.835083863735512,-43.38984094860647,
717,1,-16.790186396656942,-43.16696892661642,
718,1,-14.28307827020777,-45.43880828015469,
719,1,-1.6427042443051603,-44.65323156419217,
720,1,-1.3670112836088792,-55.18103753643089,
721,1,-14.616982061314996,-48.904778140873034,
722,1,-2.172261104293619,-54.59973771607716,
723,1,-2.4083383609602285,-46.25429889507839,
724,1,-15.409835131078886,-56.01808771817346,
725,1,-9.03979161985895,-50.677244027969266,
726,1,-13.600987474975817,-46.89192308374642,
727,1,-16.78560498870793,-45.626107016893606,
728,1,-16.90741654123454,-50.02021622916425,
729,1,-19.00812683314804,-45.86487921941257,
730,1,-12.401736570676256,-60.55287310393722,
731,1,-15.139262567502087,-51.474409011096924,
732,1,-8.302184940068408,-61.69067924280301,
733,1,-4.303424284338772,-59.58592653211097,
734,1,-4.105615258775653,-63.25401733175621,
735,1,-4.628165259547978,-46.92372344480425,
736,1,-6.849070136476672,-39.030496537831254,
737,1,-5.090348473227473,-63.026024912646676,
738,1,-3.1497179649440694,-52.996783923094284,
739,1,-8.699419958706063,-47.071136982928266,
740,1,-5.554148654418381,-48.09925882560306,
741,1,-9.816744509093922,-57.07639295439468,
742,1,-7.1153307866896975,-41.414176144242404,
743,1,-12.071336209177097,-41.7305627873093,
744,1,-8.316737647671147,-48.181454674099996,
745,1,-4.602024284780101,-48.46496297776812,
746,1,-13.466779171528362,-51.115711718148006,
747,1,-10.832739095433102,-63.51704404694641,
748,1,-21.23307412885527,-57.13649024690227,
749,1,-3.850673381142532,-41.18321928469528,
750,1,-11.658470504595766,-58.22982977920414,
751,1,-7.521998115810605,-36.16388263467745,
752,1,-8.91986652942899,-48.100067309358764,
753,1,0.28121759969361815,-50.00054312444203,
754,1,-31.238869089492148,-54.772483745213336,
755,1,-5.509682047854464,-60.99214927787167,
756,1,-14.394379533910179,-53.67806623457052,
757,1,-17.945240188977824,-50.095674713030284,
758,1,-23.483892904745144,-52.80355630548017,
759,1,-4.059801179285556,-69.62082690795332,
760,1,-5.142360928177992,-54.079613166571946,
761,1,-2.7117892639358034,-55.61034241071162,
762,1,-7.384016888169847,-45.98291784774588,
763,1,-3.373398470689831,-57.98135577161668,
764,1,-6.279358583288071,-50.33309944262307,
765,1,-3.5631226586958737,-52.227646376831146,
766,1,-10.550308770105921,-43.29309239250679,
767,1,-30.34360807733863,-52.94827489775183,
768,1,-13.058225380310802,-45.13913030137242,
769,1,-7.679921942758816,-55.52841605679991,
770,1,-3.5941145359979982,-59.39485487117875,
771,1,-12.206083501795025,-61.487749820120406,
772,1,-1.434654424503079,-51.7778599140725,
773,1,-20.322451925343312,-43.459101057012084,
774,1,-4.724913815647651,-45.06205484999496,
775,1,-11.459852995276936,-51.39517760303758,
776,1,-11.808848483157373,-45.454438966098365,
777,1,-16.93544397809907,-39.67809202615302,
778,1,-14.55499830671075,-44.848345643902924,
779,1,-2.488378252775278,-43.31707741059279,
780,1,-1.1473731966416567,-61.894956138411786,
781,1,-3.732365258223992,-61.71008285293999,
782,1,1.7116948581255436,-50.72494456955601,
783,1,-27.14578532892996,-48.63366658812576,
784,1,-19.429077375286447,-44.21476387401343,
785,1,-11.508092526034154,-56.203230498230496,
786,1,-6.389042879479065,-43.94068788082856,
787,1,-9.959576639268924,-54.87004078506872,
788,1,0.1575195850703599,-63.61190614094943,
789,1,-5.761389990464754,-39.50184256740877,
790,1,-22.091144888246237,-55.21607183251156,
791,1,-4.082169229860134,-39.44983011245825,
792,1,-8.107879344113357,-44.222040227814794,
793,1,-3.382291792002614,-60.2197777965857,
794,1,-1.6583349302488406,-44.873947629500336,
795,1,-3.4078937776000204,-58.97040089943227,
796,1,-19.928720336313727,-44.52306567952324,
797,1,-9.870373931555857,-63.896222928373255,
798,1,-15.855309680473756,-44.871252683647974,
799,1,-12.463181336110033,-46.93935413074793,
800,1,-2.0523360138636635,-50.67104565250884,
801,1,-2.0218831257320113,-46.666086621318776,
802,1,-28.935498869481286,-51.023814064582574,
803,1,-8.100064001141515,-44.86586279194326,
804,1,-13.8413766450062,-46.96926802970911,
805,1,-31.51860446896697,-52.76340161228003,
806,1,-5.827955153018011,-57.000664975943394,
807,1,-16.05796960857112,-41.4095947362934,
808,1,-1.5184672405114314,-65.5034886347199,
809,1,-7.555415444379851,-35.04332414926676,
810,1,-0.013070487383937568,-52.00315738732968,
811,1,-10.413944509976577,-40.13919726149157,
812,1,-3.353455871382377,-44.755909001167026,
813,1,-4.5624085807504295,-62.12079260083944,
814,1,-19.954322321911132,-43.23272560541396,
815,1,-7.276758043245976,-69.92589477844031,
816,1,-3.003382405161001,-64.69716083569422,
817,1,-14.057241807780123,-48.19735485462891,
818,1,-6.985973385776487,-47.856713698890786,
819,1,-21.472115825959474,-42.946522355893485,
820,1,-3.6194470270101684,-43.043540406578394,
821,1,1.8609948583462081,-61.123932130052,
822,1,1.3713231969726571,-50.362743846999024,
823,1,-8.249633495947418,-45.74172019395979,
824,1,-11.993991263214404,-48.55605214757784,
825,1,-12.630267978956262,-46.35535936454183,
826,1,-28.61156637802778,-50.13852435208278,
827,1,-2.416962187687777,-53.98987146968841,
828,1,-2.657081863132924,-44.86667127569896,
829,1,-2.471939083075891,-49.72970106627999,
830,1,-7.897673567629389,-54.94603825810523,
831,1,-7.005915985083939,-44.44922416316862,
832,1,-22.36414290309016,-50.160083918901655,
833,1,-6.538073385114493,-40.79945899531942,
834,1,-25.13724218516712,-50.146070200469396,
835,1,-14.217860580580691,-43.9522761479937,
836,1,-2.3291069529008874,-54.47738717438007,
837,1,-4.849420314026617,-45.94491911122762,
838,1,-18.73432033454841,-56.56138880200895,
839,1,-9.349440898294947,-44.993064236174575,
840,1,-2.7422421520674556,-55.66478031692925,
841,1,-20.64315048177398,-44.114511888305685,
842,1,-7.739210751510705,-55.034971471233064,
843,1,-8.404592882458033,-44.43979185268537,
844,1,-12.867153719378582,-47.46756351781021,
845,1,-9.580128263256839,-63.56393610477745,
846,1,-18.00533748148542,-40.43725827276243,
847,1,-15.536228091554502,-45.35122253995303,
848,1,-5.5945728422037595,-47.002954852863596,
849,1,-2.3797719349252278,-46.39039366062249,
850,1,-4.126096847253577,-42.83198715716824,
851,1,-3.2340697701228924,-51.10816586976139,
852,1,-15.744816900527056,-44.70847795416552,
853,1,-3.1257329468580783,-64.42308484250935,
854,1,-12.563433321817769,-62.68188032730049,
855,1,-18.618976652067463,-48.0537142406982,
856,1,-8.734993243957195,-69.42247889321973,
857,1,-14.201421410881306,-44.74405123941665,
858,1,-5.1275387259900205,-49.48958139083484,
859,1,-4.747551360807463,-37.49788083159494,
860,1,-3.0578203113786424,-52.17886785690345,
861,1,-8.098716528215338,-44.649728134584095,
862,1,-7.015348295567194,-62.07012761881509,
863,1,-9.709755158755286,-49.4599369864589,
864,1,-3.9328692296394694,-51.792951610845705,
865,1,-8.162317250331,-63.09285956978517,
866,1,-11.596486749991517,-47.598268391649604,
867,1,-8.678938370228135,-66.64129477358568,
868,1,-20.44803640206322,-45.16365430862888,
869,1,-26.195547421388333,-52.69144655802205,
870,1,4.174605872596036,-60.908336461863314,
871,1,-9.86363656692496,-65.20408015052287,
872,1,-6.64236778960077,-55.48260197730982,
873,1,-4.323366883646226,-48.17013590152009,
874,1,-4.669936920259537,-59.604521658492246,
875,1,-2.488647747360514,-56.11321930676172,
876,1,-2.5986015381367435,-66.61353683130639,
877,1,-27.382132080181805,-50.65918789075846,
878,1,-7.930012917857691,-48.607525613357886,
879,1,-2.608303343205235,-48.06152958367004,
880,1,0.9837899834034953,-59.54604133349606,
881,1,-10.34225895030384,-57.70458483257946,
882,1,-3.485238723562712,-61.74538664360588,
883,1,-3.1599587591830334,-49.274794206401864,
884,1,-4.091062551172917,-69.5394395432121,
885,1,-8.953553352583473,-51.68218933631377,
886,1,-4.581542696302175,-52.72001298405705,
887,1,-6.021991254387827,-46.000165501200975,
888,1,-7.091884757774177,-64.68287762267673,
889,1,-31.686769090154144,-54.36851136194479,
890,1,-9.038444146932768,-49.705716048194006,
891,1,-4.29372247927028,-48.005474709940984,
892,1,-5.9144629148787216,-47.732746189682295,
893,1,-22.934123950863995,-42.45065231905951,
894,1,2.680258397463212,-61.18483790631531,
895,1,-15.819736395222623,-57.453954868310106,
896,1,-18.667755171995154,-46.47717091706844,
897,1,-21.180522684734278,-46.94501351703789,
898,1,-14.500021411322635,-51.020041140389274,
899,1,-11.485993970044817,-59.0690359176286,
900,1,-1.4300730165540712,-53.015379049475555,
901,1,-30.762402662795154,-54.94603825810523,
902,1,-6.418956778440244,-55.049524178835796,
903,1,-9.059464724581165,-44.52010123908565,
904,1,-3.0341047878778875,-41.960441668515486,
905,1,-1.564281320001526,-52.73968608877927,
906,1,-1.9364533422122454,-52.070261539053405,
907,1,-3.8172560525732857,-52.696836449726774,
908,1,-5.8500537090073506,-40.71537668472583,
909,1,-6.126016164288868,-50.35708446070906,
910,1,0.8115829434377835,-52.02390847039284,
911,1,-14.403003360637726,-39.692105744585284,
912,1,-12.517619242327672,-54.7474207487864,
913,1,-2.12860298148541,-51.13861875789305,
914,1,-9.108243244508856,-63.77144693540905,
915,1,-6.389042879479065,-57.47389746761756,
916,1,-14.938489101501371,-56.09246822369856,
917,1,-29.37612251634191,-54.251550711952426,
918,1,-3.7161955831098394,-59.2937944017153,
919,1,-15.692804445576535,-56.15526046205852,
920,1,-3.1410941382165225,-60.39441028781854,
921,1,-30.580493817760953,-54.41863735479866,
922,1,-11.11436093700457,-51.590830671918816,
923,1,-3.236495221390016,-45.39676712485789,
924,1,-5.330737643257856,-43.904036617236486,
925,1,-14.377401375040318,-57.51054873120964,
926,1,-6.4278500997530275,-44.271896726083426,
927,1,-6.275316164509532,-51.19278716952546,
928,1,-10.228262740749074,-64.13068321752846,
929,1,-23.679006984455903,-47.89525142457951,
930,1,-6.66311887266393,-39.12293318056715,
931,1,4.4947654398562324,-60.933129963705014,
932,1,-2.6198916103703764,-55.52841605679991,
933,1,-1.139018864499345,-48.42858120876127,
934,1,-15.838062027018662,-56.83869873021665,
935,1,-11.187124475018251,-45.2795369802803,
936,1,-6.580114540411286,-69.84881932706286,
937,1,-9.499279887686082,-63.93880307284052,
938,1,-9.748292884444012,-51.83337579863109,
939,1,-2.8540824049403364,-44.36541134716027,
940,1,2.426125003585799,-61.40797942289059,
941,1,-22.03455102534671,-55.37372616487453,
942,1,-8.668697575989174,-63.49764043680943,
943,1,-3.6299573158343668,-55.45861695922383,
944,1,-13.191625200002552,-47.493165503407624,
945,1,-7.116947754201113,-34.947384076922795,
946,1,-12.58041148068763,-47.610665142570454,
947,1,-2.9564903473299617,-45.218900698602226,
948,1,-2.4134587580797104,-45.276303045257464,
949,1,-10.646518337035122,-38.86664383000785,
950,1,-16.774555710713262,-50.60097706034752,
951,1,-6.447253709890009,-46.76337416658892,
952,1,-3.2844652575619984,-54.75658356468442,
953,1,-1.01451236612038,-52.39958392221162,
954,1,-8.642287106636061,-66.67282564005828,
955,1,-14.73771563550066,-52.75747273140484,
956,1,1.5820679626270966,-60.55206462018151,
957,1,-0.34400983805356855,-48.48382759873463,
958,1,-14.26097971421843,-45.76624420121625,
959,1,-12.475578087030879,-60.18420451133457,
960,1,-12.745881156022445,-60.447231226524764,
961,1,-3.88597717180843,-60.40545956581321,
962,1,-8.46415118579516,-50.313156843315625,
963,1,-20.051879361766513,-45.30001856875822,
964,1,3.6380421533914453,-51.76896659275972,
965,1,-1.9566654361049336,-44.86559329735802,
966,1,-6.5245986558527,-34.974333535446384,
967,1,-7.014809306396724,-50.07465413538189,
968,1,-8.117850643767085,-62.889660652517335,
969,1,-4.179187280545041,-48.801561714727704,
970,1,-13.32367754676812,-44.63436694322566,
971,1,-18.721654089042325,-54.38468103705894,
972,1,-12.000728627845302,-41.424955927651844,
973,1,-6.910514901910447,-35.571803030914275,
974,1,-17.561479899601963,-52.65533428360045,
975,1,-2.921725545834536,-65.88563195658435,
976,1,-13.522295056086946,-49.24299384534403,
977,1,-4.610378616922412,-48.473047815325195,
978,1,-3.029523379928878,-59.33745252452351,
979,1,-8.948971944634465,-50.87478355894714,
980,1,-10.9965918032565,-45.820143118263424,
981,1,-16.385405529632685,-46.30038246915372,
982,1,-3.481735293954645,-43.27530574988123,
983,1,-3.995391973414187,-45.32103914640662,
984,1,-18.33034795127986,-55.7162537827093,
985,1,-17.55905444833484,-42.375463329778704,
986,1,-0.20468113748663086,-49.180201606984085,
987,1,-25.64092756497294,-51.851162441256655,
988,1,-17.032192534198742,-42.92900520785315,
989,1,-2.5104768087646194,-47.009153228324024,
990,1,-7.6944746503615535,-45.69590611446969,
991,1,-10.379718697651626,-58.289118587956025,
992,1,-2.981822838342132,-57.555554326944026,
993,1,-4.216108038722354,-48.17633427698051,
994,1,-15.843451918723378,-56.56947363956603,
995,1,-2.3803109240957,-48.58758301405044,
996,1,-21.950199220167885,-47.07221496126921,
997,1,-23.418136225947595,-46.48471676545505,
998,1,-14.492206068350793,-47.28646315653172,
999,1,-14.077992890843284,-57.86035270284578,
1000,2,-12.327625559736397,-43.68951892738875,
1001,2,-5.546333311446541,-39.12751458851616,
1002,2,-14.349643432761027,-40.31948913901436,
1003,2,-1.8453641724025251,-55.52464313260661,
1004,2,-12.297172671604745,-55.86151136415143,
1005,2,-4.863703527044117,-46.866860087319495,
1006,2,-13.316670687551987,-57.195509561068924,
1007,2,-28.23265699118617,-51.11355576146612,
1008,2,-7.371620137248997,-47.74460395143267,
1009,2,-20.11197665427411,-52.07834637661048,
1010,2,-16.198645782064236,-57.553398370262144,
1011,2,-19.37733441492116,-45.33208842440129,
1012,2,-17.41999524235314,-56.48404385604626,
1013,2,-18.047378636782213,-45.59188120456865,
1014,2,-12.190183321266108,-48.26203355508552,
1015,2,-20.286609145506944,-44.44841567941292,
1016,2,-24.250604999741157,-50.937575797307105,
1017,2,-14.827996321554672,-53.0991918654839,
1018,2,-12.744533683096265,-52.12955034780529,
1019,2,-29.81674616320253,-51.820709553125,
1020,2,-12.568553718937252,-48.19627687628797,
1021,2,-13.654616897437752,-58.56211660279995,
1022,2,-18.08322141661858,-50.67670503879879,
1023,2,-15.725682784975309,-44.47401766501032,
1024,2,-6.633743962873221,-37.666045452782114,
1025,2,-15.5076616655195,-57.32001605944789,
1026,2,-1.7478071325471456,-53.74274493502713,
1027,2,-17.44398026043913,-53.75864511555605,
1028,2,-16.39618531304212,-51.127030490727904,
1029,2,-15.240862026136003,-56.10082255584088,
1030,2,-3.043537098361143,-54.55392363658706,
1031,2,-15.254336755397794,-48.08713156926745,
1032,2,-19.448750480008666,-54.989426886328204,
1033,2,-14.429413829990839,-49.74964366558744,
1034,2,-11.80911797774261,-42.47167289670791,
1035,2,-17.074233689495536,-43.763090949158126,
1036,2,-0.02735370040143792,-61.47697003671097,
1037,2,-16.99015137890195,-51.61993608712429,
1038,2,-7.852667971895001,-41.24439455554382,
1039,2,-15.04143603306147,-48.24855882582372,
1040,2,-5.017854429799027,-47.75592272401258,
1041,2,-17.117891812303743,-46.39389709023056,
1042,2,-14.286312205230601,-51.181198902360315,
1043,2,-10.091628986034493,-68.02164603916374,
1044,2,-5.776481687237962,-36.29997740022156,
1045,2,-11.588401912434442,-57.46284818962289,
1046,2,-15.034968163015808,-49.241915867003094,
1047,2,-3.7205074964736147,-51.588944209822166,
1048,2,-19.938422141382215,-51.449885003840464,
1049,2,-16.279494157634993,-47.27271893268469,
1050,2,-26.968457891844764,-49.396066769758,
1051,2,-4.806840169559352,-46.052447450736736,
1052,2,-16.0202403666381,-57.26099674528123,
1053,2,-22.364951386845867,-50.985006844308614,
1054,2,-21.886329003466987,-55.446759197473455,
1055,2,-20.19767593237911,-46.52918337201896,
1056,2,-10.21290154939063,-59.515049456193935,
1057,2,-8.46927158291464,-49.54024637285919,
1058,2,-8.853840356046206,-50.279739514746375,
1059,2,-17.078815097444544,-55.80464800666667,
1060,2,-21.020712395689415,-41.19022614391141,
1061,2,-8.02379703351977,-55.3524360926409,
1062,2,-13.147428088023872,-56.22101714085606,
1063,2,-3.2642531636693084,-57.78327725146833,
1064,2,-30.384301759709246,-51.60376641201014,
1065,2,-4.912751541557042,-45.46548824409304,
1066,2,-23.69490716498482,-47.35087236240309,
1067,2,-6.929918512047428,-51.45662236847136,
1068,2,-18.13011347444962,-54.457983564243094,
1069,2,-6.677671580266666,-47.255201784644356,
1070,2,-16.9138844112802,-45.60158300963714,
1071,2,-6.96037140017908,-46.26373120556164,
1072,2,-3.076415437759917,-59.358203607586674,
1073,2,-10.761323030345597,-54.98592345672014,
1074,2,-3.271529517470678,-43.17235881832113,
1075,2,-22.028083155301047,-57.993213533367054,
1076,2,-15.490953001234878,-51.415389696930276,
1077,2,-4.8583136353394005,-50.77857399201795,
1078,2,-7.308827898889041,-48.31485449379174,
1079,2,-12.849367076753012,-49.773898178258676,
1080,2,-12.594155704534657,-56.585104325509704,
1081,2,-11.245065810843961,-57.344270572119115,
1082,2,-13.557598846752843,-55.105040063394384,
1083,2,-5.488122481035597,-47.69097452897074,
1084,2,-12.38718386307352,-64.24494892166845,
1085,2,-19.798284957059572,-44.1905093613422,
1086,2,-7.973940535251136,-48.683792580979635,
1087,2,-13.257112384214864,-43.395230840311186,
1088,2,-6.937733855019268,-52.35727327232959,
1089,2,-11.42966960173052,-58.83134169345057,
1090,2,-12.717853719157915,-49.5141053980913,
1091,2,-8.84845046434149,-38.55268263820808,
1092,2,-13.243907149538309,-43.21466946820316,
1093,2,-16.24392087238386,-53.22854926639712,
1094,2,-20.078559325704862,-54.74903771629782,
1095,2,-28.87782702824081,-53.765112985601704,
1096,2,-11.759261479473974,-45.21108535563039,
1097,2,-11.905866533842278,-62.07982942388358,
1098,2,-4.348699374658396,-47.540596550409134,
1099,2,-4.258149194019148,-44.94320773790595,
1100,2,-16.479728634465236,-48.421035360374674,
1101,2,-15.758291629788847,-51.2404877111122,
1102,2,-6.15970298744335,-36.43903660620326,
1103,2,-30.717666561646,-52.971451432082105,
1104,2,-2.878606412196798,-54.54044890732526,
1105,2,-2.3406952200660287,-56.53282237597395,
1106,2,-12.574482599812441,-62.112168774111886,
1107,2,-10.563783499367716,-54.32027183118757,
1108,2,-11.910986930961762,-58.655361729291556,
1109,2,-14.64474000359429,-53.194862443242634,
1110,2,-6.821581688782614,-41.25194040393042,
1111,2,-8.29571707002275,-42.258502679786346,
1112,2,-5.473030784262389,-39.51127487789203,
1113,2,-25.472762943785767,-50.747312620130586,
1114,2,-18.327383510842267,-41.08215881523183,
1115,2,-2.3439291550888592,-54.29547832934587,
1116,2,-12.761781336551358,-56.67161208737042,
1117,2,-22.145313299878644,-46.99082759652798,
1118,2,-2.2509535231824893,-56.048001617134645,
1119,2,-15.819197406052151,-54.49059240905663,
1120,2,-13.27301256474378,-52.715431576108045,
1121,2,-16.88720444734185,-46.35832380497943,
1122,2,-9.93720858869435,-36.651128844783884,
1123,2,-4.4489513603661335,-47.00349384203407,
1124,2,-18.585828818083453,-44.55756098643344,
1125,2,-1.2996376372999157,-51.96381117788524,
1126,2,-16.778328634906565,-53.27678879715434,
1127,2,-9.008530247971589,-51.335888794285694,
1128,2,-9.684153173157881,-66.44537221011922,
1129,2,-15.43543711667629,-41.603091848492745,
1130,2,-7.003490533816817,-50.27057669884836,
1131,2,-12.368049747521773,-60.910222923959964,
1132,2,-8.991282594516495,-48.75520864606713,
1133,2,-6.625928619901383,-51.894551069479625,
1134,2,-2.546319588600988,-47.25789673049672,
1135,2,-12.193417256288939,-52.55562128706318,
1136,2,-15.240053542380295,-53.33715558424717,
1137,2,-20.279871780876046,-52.57987579973441,
1138,2,-1.502567059982515,-54.77976009901471,
1139,2,-7.442497213166027,-42.760571092080745,
1140,2,-14.233221771939135,-46.45857579068716,
1141,2,-22.69454326458932,-47.55056785006286,
1142,2,-29.303358978328227,-53.769694393550715,
1143,2,-5.299476271370497,-44.03959239361012,
1144,2,-2.4829883610705616,-56.596153603504376,
1145,2,-16.65705607155043,-49.34809673358602,
1146,2,-12.029564548465537,-47.26436460054238,
1147,2,-8.186302268416991,-45.45982885780308,
1148,2,-17.008477010697984,-50.62065016506973,
1149,2,-12.037649386022615,-53.67968320208194,
1150,2,-13.36464072372397,-48.413220017402836,
1151,2,-15.916484951322296,-48.05236676777202,
1152,2,-9.386092161887024,-51.80427038342562,
1153,2,-5.152332227831718,-35.6095322728473,
1154,2,-19.879133332630328,-45.14748463351472,
1155,2,-27.526581177868223,-52.213363163813646,
1156,2,-8.889413641297342,-71.27714062881289,
1157,2,-7.759422845403393,-41.842403040182184,
1158,2,-21.103986222527297,-52.620299987519786,
1159,2,-12.487974837951729,-44.746746185269004,
1160,2,-30.95185735621596,-54.09847778753846,
1161,2,-6.2039000994220315,-39.26630429991263,
1162,2,-16.072522316173856,-57.923414435790974,
1163,2,-29.98437179521924,-52.53460070941479,
1164,2,-21.67800968907967,-54.58787995432678,
1165,2,-11.572771226490762,-41.04200412203169,
1166,2,-8.573296492815679,-38.60631206067002,
1167,2,-9.778745772575665,-57.429700355638886,
1168,2,-3.815369590476636,-43.15187722984321,
1169,2,-1.7122338472960115,-48.8188093681828,
1170,2,-23.90484344688355,-54.35827056770583,
1171,2,-6.496301724402936,-39.02537614071178,
1172,2,-4.271084934110468,-59.42476877013993,
1173,2,-13.253878449192033,-50.437124352524116,
1174,2,-11.106006604862259,-56.95916280981707,
1175,2,-5.5668148999244655,-47.174622903658836,
1176,2,-3.379596846150256,-64.56834242395148,
1177,2,-6.960910389349551,-45.06421080667685,
1178,2,-9.55479577224467,-40.3483250596346,
1179,2,-10.564861477708657,-56.04854060630512,
1180,2,-21.676662216153492,-56.555729415719,
1181,2,-10.219638914021527,-52.13143680990194,
1182,2,-16.25443116120806,-58.988187542057844,
1183,2,-12.265911299717384,-48.68190611888298,
1184,2,-3.549378434848845,-38.89736621272474,
1185,2,-28.86623876107567,-53.1202124431323,
1186,2,-3.525393416762854,-42.74494040613706,
1187,2,-10.064140538340439,-44.64891965082839,
1188,2,-7.9386367445852395,-48.89076442244077,
1189,2,-8.556857323116294,-35.654537868581684,
1190,2,-1.9598993711277641,-48.824199259887514,
1191,2,-15.099377368887179,-42.15932867241955,
1192,2,-22.587553914250684,-49.709219477802066,
1193,2,-11.191436388382026,-40.779516396011964,
1194,2,-3.164270672546807,-40.503014951559976,
1195,2,-16.071983327003384,-56.45898085961933,
1196,2,-14.008463287852432,-57.61133970608785,
1197,2,-12.991121228587073,-53.967772913699065,
1198,2,-2.9839787950240177,-53.11805648645041,
1199,2,-12.946924116608393,-57.07827941649133,
1200,2,-27.40854254953492,-51.977555401732275,
1201,2,-15.221997405169493,-60.104703608689995,
1202,2,-0.5908668781296136,-52.072417495735294,
1203,2,-27.25897305472902,-52.258638254133274,
1204,2,-6.512740894102323,-51.91880558215085,
1205,2,-11.32833963768184,-54.073414791111524,
1206,2,-5.881854070065182,-51.650388975255936,
1207,2,-14.766282061535659,-52.19476803743237,
1208,2,-11.329956605193257,-49.692780308102684,
1209,2,-15.212834589271473,-57.59543952555893,
1210,2,-3.091507134533125,-59.56598393280352,
1211,2,-3.937181143003243,-54.768980315605276,
1212,2,-6.777115082218697,-40.04217921080666,
1213,2,-10.680744149360077,-39.34149328919344,
1214,2,-1.6855538833576622,-53.381622190811086,
1215,2,-14.131891807890455,-56.534169848900135,
1216,2,-10.66699992551305,-54.11734240850497,
1217,2,-19.771335498535986,-54.21786388879795,
1218,2,0.16560442262743535,-51.57978139392415,
1219,2,-15.665585492467713,-45.94087669244909,
1220,2,-11.67167573927232,-57.5922055905361,
1221,2,-13.407759857361707,-41.385609718207405,
1222,2,-9.753682776148732,-62.94625451541686,
1223,2,-29.704636415744417,-51.849006484574765,
1224,2,-7.873688549543398,-41.08808769610702,
1225,2,-12.940456246562732,-43.83019510088186,
1226,2,-11.119211839538814,-45.22941098742643,
1227,2,-25.32804435151411,-50.329865507600246,
1228,2,-10.039077541913503,-59.05960360714534,
1229,2,-13.674020507574735,-55.9439767072336,
1230,2,-18.051151560975516,-57.185538261415196,
1231,2,-20.579819254243557,-43.39630881865213,
1232,2,-15.869862388076491,-57.43805468778119,
1233,2,-10.37028638716837,-53.958610097801056,
1234,2,-1.8270385406064866,-48.56171153386779,
1235,2,-12.142213285094126,-55.68822634584478,
1236,2,-13.980166356402666,-40.47471802011021,
1237,2,0.3677253615543279,-63.6162180543132,
1238,2,-15.934002099362626,-42.729309720193385,
1239,2,-5.197337823566108,-50.7241360858003,
1240,2,-27.950496160444224,-51.56954059968518,
1241,2,-20.296580445160668,-42.76003210291027,
1242,2,-15.070271953681708,-54.790809377009374,
1243,2,-10.909814546810555,-43.87439221286054,
1244,2,-11.306510576277734,-41.10290989829499,
1245,2,-13.874793973575446,-46.44537055601061,
1246,2,-6.396858222450905,-40.387401774493796,
1247,2,-4.764260025092086,-44.691230300710416,
1248,2,-10.268417433949217,-37.41460700475706,
1249,2,-13.91360119384941,-60.09958321157051,
1250,2,-2.117284208905505,-48.52559925944618,
1251,2,-1.8456336669877613,-53.87830071140077,
1252,2,-23.172357164212492,-44.96773174516241,
1253,2,-10.47053837287611,-44.09537777275394,
1254,2,-18.772319071066665,-42.65412073091258,
1255,2,-22.32317972613431,-54.874083203847256,
1256,2,-22.03778496036954,-55.299615153934674,
1257,2,-14.591380075717588,-59.56706191114446,
1258,2,-8.381955337298223,-41.73217975482072,
1259,2,-15.655883687399221,-42.955146182621036,
1260,2,-3.8614531645519667,-57.17098555381246,
1261,2,-7.832994867172784,-55.506317500810574,
1262,2,-1.7289425115806347,-55.15381858332208,
1263,2,-21.137134056511307,-43.52458824122439,
1264,2,-21.969602830304865,-48.70669962072468,
1265,2,-21.178905717222865,-56.019704685684886,
1266,2,-3.1712775317629385,-58.92512580911265,
1267,2,-21.453520699578203,-57.72210198061978,
1268,2,-5.417784394289037,-35.69577054012277,
1269,2,-1.9251345696323385,-47.993077959020134,
1270,2,-11.03297357226334,-44.09726423485059,
1271,2,-13.459233323141756,-42.5918674817231,
1272,2,-19.881289289312214,-40.301971990974025,
1273,2,-11.239675919139245,-44.7631853549684,
1274,2,-13.670786572551904,-43.440505930630806,
1275,2,-4.459192154605096,-50.311000886633735,
1276,2,-21.66884687318165,-56.831961365585755,
1277,2,1.611442872417805,-50.382147457136,
1278,2,-3.2885076763405356,-57.92422291954668,
1279,2,-10.0848916214036,-36.711226137291476,
1280,2,-25.323732438150337,-50.584268396062896,
1281,2,-8.173905517496141,-36.361961154825806,
1282,2,-10.42175985294842,-37.494646896572114,
1283,2,-18.11771672352877,-54.28281208383979,
1284,2,-10.171668877849545,-42.526919286681256,
1285,2,-16.283267081828296,-57.40814078882001,
1286,2,-17.580075025983238,-46.31277922007457,
1287,2,-10.148222848934026,-55.130372554406556,
1288,2,-4.4414055119795295,-44.80064510231618,
1289,2,-9.612737108070377,-62.328842420641514,
1290,2,-13.504777908046616,-48.41860990910755,
1291,2,-15.824587297756867,-58.24519097056258,
1292,2,-16.185710041972914,-55.65669547937218,
1293,2,-6.734265443166197,-40.914263688629894,
1294,2,-5.702101181712867,-36.384868194570856,
1295,2,-6.531336020483596,-50.12154619321293,
1296,2,-19.7263299028016,-48.530989151150905,
1297,2,-18.428443980305712,-44.50150611270438,
1298,2,-0.828022113137167,-49.30201315951069,
1299,2,-16.36627141408094,-53.012684103623194,
1300,2,-2.016493234027293,-47.18567218165351,
1301,2,-22.27116727118379,-55.21229890831826,
1302,2,-9.36857501384669,-59.149075809443644,
1303,2,-12.365893790839888,-38.34921422635501,
1304,2,-28.230231539919046,-50.34684366647011,
1305,2,-16.805817082600623,-50.680747457577326,
1306,2,-7.875305517054813,-72.96821915116789,
1307,2,-15.97011437378423,-45.24531116795534,
1308,2,-4.705240710925433,-47.60042434833149,
1309,2,-9.397680429052166,-62.59052166290553,
1310,2,-18.25435047824335,-50.679399984651155,
1311,2,-17.31273639742927,-47.43872759718998,
1312,2,-18.145474665808063,-45.11541477787166,
1313,2,-4.078396305666831,-46.28232633194291,
1314,2,-21.029336222416962,-51.8560133437909,
1315,2,1.639200814697098,-50.941079226915164,
1316,2,-11.7120999270577,-57.95790974270116,
1317,2,-5.252853708124694,-44.695272719488955,
1318,2,-9.896514906323734,-46.72860936509349,
1319,2,-1.7057659772503522,-47.70741369867012,
1320,2,-17.7541685280456,-42.69966531581744,
1321,2,-16.86187195632968,-48.28547958400104,
1322,2,-8.212443243184868,-46.016335176315124,
1323,2,-3.975179879521499,-50.4031680347844,
1324,2,-31.397331905610834,-52.08346677372997,
1325,2,-17.647718166877436,-54.25316767946384,
1326,2,-16.64385083687387,-48.50942958433204,
1327,2,-1.691752258818087,-47.005380304130725,
1328,2,-1.2209452184110452,-52.049240961405005,
1329,2,-9.498201909345138,-51.20464493127584,
1330,2,-15.299342351132186,-60.34994368125462,
1331,2,-1.0102004527566057,-47.45058535894036,
1332,2,-28.496222695546834,-54.97783861916306,
1333,2,-7.615782231472683,-35.20313443831162,
1334,2,-11.883228988682468,-56.13046696021682,
1335,2,-10.728175196361587,-54.497329773687525,
1336,2,-9.4265163496724,-49.86283139138651,
1337,2,-7.643001184581505,-41.152227407393156,
1338,2,-11.851967616795108,-48.50026676843402,
1339,2,-17.575493618034226,-47.331468752266105,
1340,2,-4.9626080398256756,-49.388790415956635,
1341,2,-25.128618358439574,-48.87890666069039,
1342,2,-13.593980615759683,-47.33227723602181,
1343,2,-3.6558287960170093,-52.05813428271779,
1344,2,-9.659090176730945,-42.58081820372843,
1345,2,-3.800277893703428,-50.49398771000888,
1346,2,-9.581206241597783,-67.49909603839143,
1347,2,-7.227171039562578,-37.74608534459716,
1348,2,-1.828925002703138,-58.46806299255263,
1349,2,-9.287187649105462,-48.21702795935113,
1350,2,-13.681566355961337,-45.60589492300092,
1351,2,-7.041489270335073,-50.844330670815495,
1352,2,-23.917509692389636,-48.522365324423355,
1353,2,-15.571531882220398,-56.84489710567708,
1354,2,-4.00428529472697,-41.600396902640384,
1355,2,-4.13445117939589,-50.61013987624554,
1356,2,-20.077481347363918,-55.75721695966516,
1357,2,-9.843154978447036,-54.98242002711207,
1358,2,-16.02077935580857,-43.78033860261323,
1359,2,-20.91749596954408,-50.66080485826988,
1360,2,-29.56881114478555,-55.39070432374439,
1361,2,-7.752954975357734,-55.3667193056584,
1362,2,-1.9019580353020542,-53.428783743227356,
1363,2,-7.150095588185123,-50.72359709662983,
1364,2,-18.785254811157987,-47.36434709166488,
1365,2,-17.963565820773862,-43.634542032000624,
1366,2,-16.791803364168356,-52.345146015993976,
1367,2,-15.60926112415342,-46.272624526874424,
1368,2,-20.93582160134012,-41.59770195678802,
1369,2,-6.251870135594014,-46.387159725599666,
1370,2,-21.109106619646777,-45.477076511258176,
1371,2,-7.219086202005502,-42.173072896266575,
1372,2,-16.312641991619003,-48.830397635347936,
1373,2,-6.967917248565684,-37.42053588563225,
1374,2,0.8724887197010869,-59.99771425835136,
1375,2,-30.952935334556905,-54.70349313139296,
1376,2,-6.133562012675472,-61.77044964003282,
1377,2,-10.747039817328098,-58.95611768641477,
1378,2,-7.303976996354797,-49.982756481816466,
1379,2,-8.655761835897852,-38.35244816137784,
1380,2,-6.298762193425053,-44.16490737574479,
1381,2,-10.825193247046496,-62.89505054422205,
1382,2,-4.295608941366932,-46.26184474346499,
1383,2,-15.146269426718217,-59.51181552117111,
1384,2,-21.88929344390458,-42.510210622396635,
1385,2,-1.8914477464778559,-47.04095358938186,
1386,2,-4.050638363387539,-45.385987341448455,
1387,2,-9.770930429603826,-57.065613170985245,
1388,2,-17.035695963806806,-47.31233463671436,
1389,2,-5.545255333105598,-47.823835359492016,
1390,2,-13.994719064005402,-49.03790846597955,
1391,2,-6.9832784399241286,-55.35701750058991,
1392,2,-10.636277542796162,-52.510885185914034,
1393,2,-13.789633684640915,-59.86215848197772,
1394,2,-16.977485133395863,-40.01307379560119,
1395,2,0.5636479250207955,-50.0514776010516,
1396,2,-14.73960209759731,-47.30640575583917,
1397,2,-14.814791086878113,-50.289980308985335,
1398,2,-4.058453706359377,-40.0138822793569,
1399,2,-13.863744695580777,-49.058390054457476,
1400,2,-16.758116541013877,-44.87691206993793,
1401,2,-13.712288738678225,-45.56978264857931,
1402,2,-11.129722128363014,-62.44203014644057,
1403,2,-2.4336708519724004,-48.27146586556877,
1404,2,-1.116381319339533,-52.0274119000009,
1405,2,-19.23261582264951,-54.253706668634315,
1406,2,-17.372833689936865,-53.49292345451349,
1407,2,1.052780597223875,-60.2550815872516,
1408,2,-12.98546184229712,-44.09672524568012,
1409,2,-15.119050473609395,-50.15469402719694,
1410,2,-13.492920146296239,-49.72781460418334,
1411,2,-14.688667620987733,-46.64883896786368,
1412,2,-5.550914719395551,-44.43386297181018,
1413,2,-8.359317792138409,-50.94242669984135,
1414,2,-18.84373513615417,-53.89689583778204,
1415,2,-12.200154620919836,-61.45594945906258,
1416,2,-29.770123599956733,-52.33733067302214,
1417,2,-1.8079044250547414,-45.07040918213727,
1418,2,-20.765770518056296,-43.15618914320699,
1419,2,-9.300931872952493,-51.46012579807943,
1420,2,-11.69134884399454,-55.719218223146896,
1421,2,-4.295608941366932,-47.6516283195263,
1422,2,-16.59210787650859,-48.001701785747684,
1423,2,-20.616740012420866,-52.39958392221162,
1424,2,-9.780093245501845,-57.57846136668907,
1425,2,-5.089539989471764,-45.8169091832406,
1426,2,-26.229234244542816,-51.60592236869202,
1427,2,-28.5064634897858,-50.83166442530941,
1428,2,-3.4267583985665313,-53.43174818366495,
1429,2,-6.111193962100896,-44.91598878479712,
1430,2,-15.91810191883371,-52.79978338128687,
1431,2,-3.9883851141980555,-46.05756784785621,
1432,2,-17.514857336356158,-47.4734923986854,
1433,2,-9.968200465996471,-57.37687941693265,
1434,2,-11.643378807822558,-52.675815872078374,
1435,2,-20.403569795499305,-53.32448933874108,
1436,2,-26.71594146547877,-52.506303777965016,
1437,2,-0.34993871892875816,-63.29578899246777,
1438,2,-12.86984866523094,-51.82124854229548,
1439,2,-6.209559485711984,-53.13772959117263,
1440,2,-8.095213098607271,-42.216731019074786,
1441,2,-4.383194681568585,-50.08624240254703,
1442,2,-10.46137555697809,-54.40570161470734,
1443,2,-14.726935852091223,-49.26212796089578,
1444,2,-4.15196832743622,-50.34953861232246,
1445,2,-14.408662746927678,-60.362879421345944,
1446,2,-16.166306431835935,-53.802842227534725,
1447,2,-22.66543784938385,-54.170702336381666,
1448,2,-19.149611490396865,-48.76976135366987,
1449,2,-12.529746498663286,-60.313292417662545,
1450,2,-6.781965984752943,-51.80049745923232,
1451,2,-1.3516500922504369,-59.633088084527245,
1452,2,-18.026627553719052,-50.775879046165585,
1453,2,-3.4472399870444557,-59.28058916703874,
1454,2,-31.329419270131396,-53.51286605382094,
1455,2,-5.5945728422037595,-48.28359312190439,
1456,2,-14.81425209770764,-50.08219998376849,
1457,2,-9.40765172870589,-57.94739945387696,
1458,2,-18.9431786381062,-51.061543306515595,
1459,2,-18.875804991797235,-47.935406117779664,
1460,2,-12.29097429614432,-53.04906587263004,
1461,2,-17.80618098299612,-44.08890990270828,
1462,2,-1.8359318619192697,-47.88258517907343,
1463,2,-1.9127378187114887,-44.52252669035278,
1464,2,-4.560791613239014,-45.09493318939373,
1465,2,-5.313489989802762,-45.961088786341776,
1466,2,-27.200492729732836,-52.70195684684625,
1467,2,-8.973765446476165,-49.01958283418351,
1468,2,-10.30722465422318,-58.52950775798641,
1469,2,-8.075270499299819,-50.99659511147375,
1470,2,-20.442377015773268,-47.15144636932855,
1471,2,-3.7676690488898883,-46.39254961730438,
1472,2,-8.752510391997525,-63.53078827079344,
1473,2,-18.567503186287414,-49.157294567239035,
1474,2,-8.334254795711477,-54.94334331225287,
1475,2,-12.942881697829854,-41.69013859952393,
1476,2,-21.83350806476076,-52.65183085399238,
1477,2,-24.04228568535384,-51.29519511191508,
1478,2,-11.509978988130808,-56.027250534071484,
1479,2,-9.043295049467016,-35.894657544026835,
1480,2,-5.707491073417583,-41.03526675740079,
1481,2,-17.57738008013088,-50.78989276459785,
1482,2,-14.39168458805782,-46.690880123160476,
1483,2,-8.420762557572186,-39.689949787903394,
1484,2,-8.723943965962523,-36.98988353842535,
1485,2,-4.361904609334952,-61.84402166180221,
1486,2,-31.970546888407497,-53.39590540382858,
1487,2,-2.4487625487456084,-57.21841660081397,
1488,2,-4.713595043067746,-45.60023553671097,
1489,2,2.6433376392858996,-61.28670685953446,
1490,2,-8.64282609580653,-38.15140520079189,
1491,2,-4.534920133056372,-47.44600395099134,
1492,2,-13.994180074834933,-50.60259402785893,
1493,2,-18.371041633650474,-43.440775425216046,
1494,2,-4.227157316717023,-55.1104299550991,
1495,2,-2.0701226564892297,-55.300154143105146,
1496,2,-17.021682245374542,-48.919600343061006,
1497,2,-31.51240609350654,-52.307686268646194,
1498,2,-14.993465996889487,-49.971437709236554,
1499,2,-8.891300103393991,-38.54702325191813,
1500,2,-6.615148836491948,-48.510238068087745,
1501,2,-12.158652454793515,-40.93851820130112,
1502,2,-22.133725032713503,-42.71260105590876,
1503,2,-14.710766176977074,-43.58872795251053,
1504,2,-19.314003187390735,-44.73300196142198,
1505,2,-3.925862370423336,-61.39962509074828,
1506,2,-10.216674473583932,-61.434120397658475,
1507,2,-9.926967794455386,-63.44697545478508,
1508,2,-12.82430408032608,-42.909601597716176,
1509,2,-17.124898671519876,-55.065963348535185,
1510,2,-26.803527205680425,-51.88538825358161,
1511,2,-13.604490904583884,-57.8619696703572,
1512,2,-9.01499811801725,-50.53656785447615,
1513,2,-9.861480610243074,-47.51310810271507,
1514,2,-7.045262194528374,-49.883043485279195,
1515,2,-1.7920042445258249,-47.323653409294266,
1516,2,-6.770108223002565,-38.575859172538365,
1517,2,-10.215596495242988,-38.623290219539875,
1518,2,-24.93323478414358,-52.62083897669026,
1519,2,-6.531066525898361,-51.97593843422085,
1520,2,-30.863732626843834,-54.68813194003451,
1521,2,-28.73337793055439,-52.271304499639356,
1522,2,-23.310338391853254,-45.67219059096894,
1523,2,-8.720979525524928,-39.437702856122634,
1524,2,-10.917629889782393,-48.95167019870408,
1525,2,-11.725574656319491,-57.817772558378515,
1526,2,-6.612992879810061,-47.41716803037111,
1527,2,-5.203805693611767,-50.37163716831181,
1528,2,-5.098702805369784,-45.51211080733884,
1529,2,-5.408891072976254,-50.37190666289704,
1530,2,-9.76149811912057,-50.341453774765384,
1531,2,-25.45228135530784,-50.362474352413784,
1532,2,-19.242048133132762,-52.34891894018728,
1533,2,-7.143897212724698,-36.822527400993884,
1534,2,-4.38481164908,-55.787939342382046,
1535,2,-5.230216162964882,-50.29698716820147,
1536,2,-8.164473207012886,-44.490456834709704,
1537,2,-30.585075225709957,-52.39581099801832,
1538,2,-16.58078910392868,-39.77780502269029,
1539,2,-31.59918334995249,-51.47009709773315,
1540,2,-15.616537477954786,-41.72328643350794,
1541,2,-4.546777894806749,-46.49495755969401,
1542,2,-12.453210036456305,-41.640012606670055,
1543,2,-10.665382958001633,-70.14122095204375,
1544,2,-18.421437121089582,-43.06671694090868,
1545,2,-10.181640177503272,-59.845719312278334,
1546,2,-7.486155335974236,-38.01423245690684,
1547,2,-16.4260992120033,-52.71192814649998,
1548,2,-2.723916520271417,-48.0213748904699,
1549,2,-11.376040179268585,-52.41467561898483,
1550,2,-14.606202277905563,-45.760045825755824,
1551,2,-28.461727388636646,-49.37477669752437,
1552,2,-14.226214912723005,-40.808621811217435,
1553,2,-19.19623405364267,-48.245324890800894,
1554,2,-23.61998767028925,-48.30461369955278,
1555,2,-12.5027970401397,-43.86522939696252,
1556,2,-12.199076642578891,-48.07985521546608,
1557,2,-9.157291259021783,-65.57598267814835,
1558,2,-4.91490749823893,-48.66897037879166,
1559,2,-21.90115120565496,-43.295787338359155,
1560,2,-14.975140365093448,-43.19337939596953,
1561,2,-30.408825766965712,-53.84542237200199,
1562,2,-7.022085660198091,-40.18770628683402,
1563,2,-9.543207505079526,-70.31908737829943,
1564,2,-12.532171949930412,-47.34278752484602,
1565,2,-7.951841979261796,-35.627588410058095,
1566,2,-14.770593974899434,-40.29685159385455,
1567,2,-15.429508235801102,-41.41552361716859,
1568,2,-8.579494868276104,-48.15935611811066,
1569,2,-6.221686742047598,-46.13652976133032,
1570,2,-2.094646663745693,-48.54688933167982,
1571,2,-14.885668162795145,-43.242157915897224,
1572,2,-15.64618188233073,-40.719688598089604,
1573,2,-10.482396134626487,-50.98392886596767,
1574,2,-5.004649195122469,-49.2494617153897,
1575,2,-20.715375030617192,-52.8631146088173,
1576,2,-10.534947578747477,-44.93862632995693,
1577,2,-19.238275208939463,-56.548183567332394,
1578,2,-7.778287466369904,-51.13026442575074,
1579,2,-13.973967980942241,-52.33436623258454,
1580,2,-9.028203352693808,-44.59717669046311,
1581,2,0.7754706690161788,-59.75112671286055,
1582,2,-6.355625550909818,-35.21337523255059,
1583,2,-27.707412044561487,-48.810185541455255,
1584,2,-6.745314721160866,-55.29611172432661,
1585,2,-9.86498403985114,-40.275561521620915,
1586,2,-13.380540904252886,-59.26064656773129,
1587,2,0.4736367335520191,-65.48273755165674,
1588,2,-10.96856436639197,-41.327668382381695,
1589,2,-8.909895229775266,-48.021913879640366,
1590,2,-5.621791795312581,-53.85970558501949,
1591,2,0.6884239179849967,-60.33862490867472,
1592,2,-15.806800655131301,-55.67879403536152,
1593,2,-4.657001180168215,-50.40451550771058,
1594,2,-6.6342829520436934,-49.976019117185565,
1595,2,-17.034078996295392,-53.0983833817282,
1596,2,-17.486021415735923,-47.48535016043578,
1597,2,-17.20413007957922,-49.44646225719711,
1598,2,-22.650615647195874,-52.17105251393161,
1599,2,-10.393462921498653,-63.30441281919531,
1600,2,-6.370717247683026,-45.88104889452673,
1601,2,-8.616415626453417,-66.72537708417927,
1602,2,-9.829949743770477,-40.2063014132153,
1603,2,-3.5024863770178056,-47.093774528088076,
1604,2,-10.11803945538761,-51.266359191294846,
1605,2,-8.098716528215338,-50.7308734504312,
1606,2,-0.8856939543776408,-52.45132688257691,
1607,2,-13.621469063453741,-41.71547109053609,
1608,2,-6.061067969247026,-47.9680149625932,
1609,2,-19.122123042702807,-43.862534451110164,
1610,2,-9.189091620079612,-64.35975361497893,
1611,2,-27.25331366843907,-53.499391324559156,
1612,2,-1.7254390819725698,-55.858277429128606,
1613,2,-32.19449688873849,-52.57556388637063,
1614,2,-5.337475007888753,-38.997618198432484,
1615,2,-5.248272300175684,-42.34932235501083,
1616,2,-16.12507376029485,-57.6455655184128,
1617,2,-7.685850823634005,-51.32457002170579,
1618,2,-9.922386386506378,-51.32052760292726,
1619,2,-22.532577018862572,-51.36364673656499,
1620,2,-2.7131367368619825,-51.68084186338759,
1621,2,-20.32379939826949,-45.019744200112925,
1622,2,-2.532575364753959,-55.33357147167439,
1623,2,-10.023985845140295,-40.46393823670078,
1624,2,-21.274306800396356,-54.56308645248508,
1625,2,-10.346570863667615,-39.905545456092085,
1626,2,-13.700161482342612,-41.10344888746546,
1627,2,-13.263580254260525,-43.678469649394074,
1628,2,-3.413822658475209,-68.59593900030136,
1629,2,-10.018595953435579,-48.68675702141723,
1630,2,-11.24264035957684,-41.137674699790416,
1631,2,-13.796910038442284,-51.898593488258165,
1632,2,-5.672456777336921,-40.80511838160937,
1633,2,-17.430236036592103,-44.00671405421134,
1634,2,-7.4891197764118305,-45.50645142104889,
1635,2,-17.590585314807434,-46.41761261373132,
1636,2,-4.119898471793154,-50.78288590538172,
1637,2,-8.602132413435918,-54.863572915023056,
1638,2,-5.553070676077438,-49.3321965530571,
1639,2,-19.45872177966239,-47.37458788590384,
1640,2,-3.3475269905071885,-39.93141693627472,
1641,2,-15.647798849842147,-59.345537362080584,
1642,2,-31.650117826562067,-52.99759240684999,
1643,2,-8.169593604132366,-55.58366244677326,
1644,2,-15.55536220710625,-39.06984274727569,
1645,2,-16.243381883213388,-49.57016027182037,
1646,2,-15.513590546394688,-55.167562807169105,
1647,2,-0.8083490084149494,-64.05118231488387,
1648,2,-1.4691497314132702,-49.71568734784773,
1649,2,-4.126096847253577,-39.69614816336382,
1650,2,-11.799685667259354,-56.67161208737042,
1651,2,-24.169217634999928,-48.506465143894445,
1652,2,-12.391226281852056,-45.36011586126581,
1653,2,-11.101425196913247,-57.12571046349284,
1654,2,-17.180953545248933,-44.54489474092735,
1655,2,-13.805803359755068,-39.889106286392696,
1656,2,-15.758291629788847,-57.37930486819978,
1657,2,-30.272461506836365,-51.73501027502,
1658,2,-9.188283136323903,-51.702131935621225,
1659,2,-7.054425010426393,-59.389195484888795,
1660,2,-20.47013495805256,-49.75611153563311,
1661,2,-9.748292884444012,-57.209523279501184,
1662,2,-1.8203011759755912,-46.78924564677156,
1663,2,-19.198390010324555,-52.57933681056394,
1664,2,-11.564147399763215,-41.86719654202388,
1665,2,-15.24625191784072,-54.33159060376748,
1666,2,-10.194845412179827,-55.367797283999344,
1667,2,-10.623611297290076,-39.82334960759515,
1668,2,-32.99543479605946,-52.57987579973441,
1669,2,-14.23025733150154,-53.920611361282795,
1670,2,-19.465728638878524,-52.40739926518346,
1671,2,-21.55835409323495,-56.15660793498469,
1672,2,-9.444302992297967,-49.66475287123815,
1673,2,-14.711844155318015,-47.51499456481172,
1674,2,-12.311455884622244,-48.54554185875364,
1675,2,-14.956275744126938,-41.80575177659011,
1676,2,-5.841429882279804,-44.484797448419755,
1677,2,-13.39724956853751,-48.15019330221264,
1678,2,-7.147400642332765,-39.27627559956636,
1679,2,-19.11215174304908,-45.20273102348808,
1680,2,-4.333877172470424,-50.00350756487963,
1681,2,-4.176761829277919,-45.14667614975902,
1682,2,-5.153140711587427,-48.15720016142877,
1683,2,-10.167626459071005,-62.22939891868948,
1684,2,-16.134775565363338,-45.139669290542884,
1685,2,-12.66826671547452,-61.12474061380771,
1686,2,-18.593913655640527,-51.43721875833438,
1687,2,-15.124170870728879,-54.16585143384742,
1688,2,-3.281500817124404,-39.584846899661414,
1689,2,-25.999085868751393,-52.89141154026706,
1690,2,-25.653593810479023,-50.69206623015724,
1691,2,-4.3786132736195755,-37.98108462292283,
1692,2,-14.98484217016194,-57.639906132122846,
1693,2,-30.798245442631526,-52.52651587185771,
1694,2,-12.011238916669502,-61.1554629965246,
1695,2,-18.21796870923651,-39.75813191796807,
1696,2,-14.556345779636928,-53.879109195156474,
1697,2,-1.3877623666720416,-54.05481966473025,
1698,2,-15.40552321771511,-57.937158659638,
1699,2,-7.411505335863903,-38.19856675320817,
1700,2,-14.91342610507444,-52.86580955466965,
1701,2,-7.4187816896652725,-37.61915339495108,
1702,2,-16.90283513328553,-48.80749059560289,
1703,2,-15.758561124374083,-59.126438264283834,
1704,2,-3.632652261686725,-51.91557164712802,
1705,2,-9.195289995540037,-67.23822527988311,
1706,2,-26.57876872159372,-49.02605070422917,
1707,2,-11.745517255626947,-56.2498530614763,
1708,2,-16.133697587022397,-48.31862741798505,
1709,2,2.828210924757697,-60.09284584693961,
1710,2,-11.134303536312022,-46.43755521303877,
1711,2,-1.602010561934546,-54.05832309433832,
1712,2,-10.948621767084518,-42.10435177703143,
1713,2,-19.46411167136711,-55.21149042456255,
1714,2,-11.172032778245043,-62.43340631971303,
1715,2,-17.155621054236764,-45.90961532056173,
1716,2,-6.842602266431011,-47.04984691069464,
1717,2,-14.444775021349283,-44.71144239460311,
1718,2,-20.936899579681064,-48.29679835658094,
1719,2,-10.302373751688933,-43.3397149557526,
1720,2,-18.432216904499015,-43.14594834896802,
1721,2,-10.107798661148646,-62.180081409591324,
1722,2,-15.69388242391748,-53.75298572926609,
1723,2,-12.386105884732576,-51.62236153839142,
1724,2,-10.227184762408129,-63.57471588818688,
1725,2,-20.49681492199091,-57.67197598776592,
1726,2,-15.149772856326283,-45.58487434535252,
1727,2,-12.902727004629714,-49.00961153452978,
1728,2,-2.546589083186224,-48.504039692627316,
1729,2,-3.272876990396857,-51.158561357200504,
1730,2,-14.8951004732784,-54.762242950974375,
1731,2,-5.3188798815074785,-46.78547272257826,
1732,2,-18.905718890758415,-54.54395233693333,
1733,2,-12.417636751205173,-46.58227380531042,
1734,2,-10.766173932879845,-56.298362086818756,
1735,2,-22.71340788555583,-42.4107671204446,
1736,2,-9.307399742998154,-54.15561063960846,
1737,2,-12.712733322038435,-53.575388797595664,
1738,2,-3.9131961249172518,-53.502894754167215,
1739,2,0.10308167885271668,-68.89885091410646,
1740,2,-21.51200102457438,-55.233588980551886,
1741,2,-31.34855338568314,-52.63593067346346,
1742,2,-18.680960406671712,-53.21184060211249,
1743,2,-3.7514993737757374,-58.400689346243674,
1744,2,-9.579050284915894,-70.55624261330698,
1745,2,-16.96589686623072,-44.61792777352627,
1746,2,-8.503227900654359,-38.567774334981294,
1747,2,-7.2010300647947,-36.1296568223525,
1748,2,-14.049965453978754,-42.3355781311638,
1749,2,-15.184268163236474,-44.19320430719456,
1750,2,-28.240202839572774,-55.62543410748482,
1751,2,-22.393787307466106,-49.32626767218191,
1752,2,-12.365624296254651,-38.50606007496228,
1753,2,-4.655923201827272,-45.47599853291723,
1754,2,-6.706238006301667,-42.93466459414311,
1755,2,-2.1302199489968254,-45.26094185389902,
1756,2,-13.093798665561934,-57.68652869536865,
1757,2,-8.958673749702957,-38.9429107976296,
1758,2,-12.089931335558369,-44.96368932638387,
1759,2,-18.442996687908447,-44.51471134738094,
1760,2,-12.9762990263991,-55.33869186879387,
1761,2,2.660046303570523,-60.6113534289334,
1762,2,-29.735089303876066,-52.390690600898836,
1763,2,-17.17448567520327,-55.35054963054425,
1764,2,-17.083935494564024,-42.65843264427636,
1765,2,-1.2864324026233591,-49.44053337632192,
1766,2,-13.396441084781802,-41.503648346540714,
1767,2,-15.691456972650354,-55.32602562328779,
1768,2,-9.85447375102694,-49.20795954926338,
1769,2,-5.795346308204473,-44.20048066099592,
1770,2,-13.332570868080904,-52.734296197074556,
1771,2,-20.579819254243557,-45.52558553660063,
1772,2,-6.716748295125865,-36.171428483064055,
1773,2,-7.8666816903272645,-50.077349081234246,
1774,2,-5.042378437055489,-42.44148950316149,
1775,2,-9.614084580996558,-66.4992711271664,
1776,2,-13.844880074614267,-53.647343851853634,
1777,2,-14.726127368335518,-57.58600721507568,
1778,2,-21.2753847787373,-51.880537351047366,
1779,2,-20.61781799076181,-52.3505359076987,
1780,2,-21.940227920514157,-56.902299452332315,
1781,2,-2.8274024410019853,-42.44768787862191,
1782,2,-13.768343612407286,-57.230543857149584,
1783,2,-9.350249382050652,-51.86302020300703,
1784,2,-3.8873246447346093,-40.411925781750256,
1785,2,-10.884212561213147,-40.15725339870237,
1786,2,-9.686309129839767,-36.105402309681274,
1787,2,-3.2723380012263847,-39.689949787903394,
1788,2,-9.400105880319288,-39.76729473386609,
1789,2,-10.191072487986524,-42.47248138046361,
1790,2,-29.957152842110418,-56.80177797203933,
1791,2,-13.311550290432507,-55.2494891610808,
1792,2,-9.924542343188264,-38.84777920904135,
1793,2,-15.995716359381635,-44.085406473100214,
1794,2,-8.196004073485483,-39.78642884941783,
1795,2,-9.940173029131945,-67.44923954012279,
1796,2,-18.98414181506205,-54.33913645215408,
1797,2,-19.431772321138805,-52.82592435605474,
1798,2,-14.821258956923774,-41.17405646879726,
1799,2,-10.297522849154689,-37.80106223998528,
1800,2,-15.505236214252378,-52.62515089005403,
1801,2,-26.231659695809938,-53.52714926683845,
1802,2,-19.86997051673231,-40.65231495178064,
1803,2,-7.239028801312956,-72.3219711357723,
1804,2,-6.92264215824606,-49.3284236288638,
1805,2,-8.682711294421438,-46.24513607918037,
1806,2,-11.122445774561644,-51.090109732550594,
1807,2,-20.69327647462785,-45.30406098753676,
1808,2,-31.072860424986857,-52.57960630514917,
1809,2,-6.753669053303178,-50.45464150056445,
1810,2,-3.557463272405921,-51.358795834030744,
1811,2,-13.344967619001753,-58.85047580900232,
1812,2,-3.65178637723847,-45.52127362323686,
1813,2,-18.73027791576987,-40.058079391335575,
1814,2,-22.703975575072576,-49.73859438759278,
1815,2,-14.675192891725942,-43.02602325853806,
1816,2,-29.2438006749911,-52.93372219014909,
1817,2,0.5383154340086254,-53.34712688390089,
1818,2,-29.586867281996348,-51.48707525660301,
1819,2,-5.557382589441212,-51.48842272952919,
1820,2,-12.417906245790409,-55.87714205009512,
1821,2,-13.943784587395825,-55.32602562328779,
1822,2,-1.024483665774106,-64.66859440965922,
1823,2,-5.770283311777537,-51.19871605040065,
1824,2,-22.701280629220218,-53.60611118031255,
1825,2,-27.46621439077539,-52.92698482551819,
1826,2,-7.937019777073824,-41.972838419436336,
1827,2,-13.19755408087774,-42.323989863998655,
1828,2,-13.376228990889114,-58.86934042996883,
1829,2,-3.737216160758238,-41.07407397767476,
1830,2,-15.718945420344411,-55.1532795941516,
1831,2,-8.964602630578145,-47.34925539489167,
1832,2,-11.646612742845385,-51.863559192177505,
1833,2,-13.668091626699546,-59.25229223558898,
1834,2,-18.761539287657232,-45.88131838911197,
1835,2,-14.720467982045566,-57.02060757525085,
1836,2,-12.330859494759224,-46.25861080844216,
1837,2,-25.71288261923091,-50.67805251172497,
1838,2,-18.592027193543878,-45.148832106440906,
1839,2,-11.957070505037091,-63.292016068274464,
1840,2,-3.8345037060283813,-44.81196387489608,
1841,2,-20.53077123973063,-45.555229940976574,
1842,2,-12.569631697278194,-47.84512543172565,
1843,2,-2.4474150758194275,-45.72689799177182,
1844,2,-18.492583691591847,-54.14429186702856,
1845,2,-15.815693976444084,-59.88237057587041,
1846,2,-13.933274298571629,-42.75140827618273,
1847,2,-4.191584031465891,-41.085931739425135,
1848,2,-19.790739108672966,-54.20870107289993,
1849,2,-16.216971413860275,-46.30226893125037,
1850,2,-17.68517791422522,-53.79502688456289,
1851,2,-7.9009075026522195,-41.28104581913589,
1852,2,-14.401655887711545,-52.259985727059444,
1853,2,-17.942814737710698,-44.116667844987575,
1854,2,-2.705051899304906,-54.5083790516822,
1855,2,-1.3697062294612392,-56.901760463161835,
1856,2,-9.577972306574953,-41.58180177625911,
1857,2,-8.801288911925216,-51.66143825325061,
1858,2,-20.659859146058604,-53.21184060211249,
1859,2,-5.987495947477638,-36.03829815795754,
1860,2,-4.998989808832516,-49.28234005478847,
1861,2,-8.941965085418332,-63.40170036446546,
1862,2,-15.529760221508841,-43.631038602392564,
1863,2,-15.152467802178641,-50.51419980390157,
1864,2,-29.790874683019894,-51.8950900586501,
1865,2,-17.87328513471985,-53.72792273283916,
1866,2,-9.843424473032272,-63.44131606849513,
1867,2,-17.012249934891287,-57.72102400227884,
1868,2,-13.275168521425666,-49.91187940589943,
1869,2,-11.693504800676426,-51.07313157368074,
1870,2,-28.20031764095787,-51.42455251282829,
1871,2,-24.781778827241027,-54.331051614597,
1872,2,-12.73132844841971,-58.73432364276566,
1873,2,-2.4409472057737682,-49.91457435175179,
1874,2,-18.297739106466324,-55.432206489870715,
1875,2,-13.438482240078596,-45.87997091618578,
1876,2,-21.746191819144343,-53.21884746132862,
1877,2,-28.395431720668626,-50.655953955735626,
1878,2,-4.232008219251269,-44.524413152449426,
1879,2,-6.686834396164685,-50.798516591325395,
1880,2,-14.83069126740703,-57.01710414564279,
1881,2,-20.86251907415597,-55.09560775291113,
1882,2,-17.541806794879747,-39.268460256594516,
1883,2,-12.837239820417398,-42.227241307898986,
1884,2,-5.10678764292686,-48.02730377134509,
1885,2,-19.359008783125127,-49.09665828556096,
1886,2,-1.5300555076765727,-52.37344294744374,
1887,2,-18.69470463051874,-40.18339437347025,
1888,2,-29.875765477369185,-51.716954137809196,
1889,2,-5.021088364821858,-47.56350359015418,
1890,2,-9.74074703605741,-68.35231589524814,
1891,2,-14.89051906532939,-40.77062307469918,
1892,2,-6.271273745730995,-57.40598483213813,
1893,2,-28.209210962270653,-51.357178866519334,
1894,2,-5.150715260320305,-48.7797326533236,
1895,2,-21.84967773987491,-55.4230436739727,
1896,2,-21.574254273763867,-48.75413066772619,
1897,2,-10.356811657906576,-37.9455113376717,
1898,2,-20.980827197074507,-56.415861725981586,
1899,2,-16.664332425351798,-53.046370926777676,
1900,2,-7.980677899882033,-35.561562236675314,
1901,2,-21.8593795449434,-53.28056172134764,
1902,2,-7.596917610506172,-36.29539599227255,
1903,2,-11.310552995056273,-62.2806028898843,
1904,2,-9.153248840243243,-51.31810215166013,
1905,2,-18.673414558285106,-43.61567741103411,
1906,2,-15.404175744788933,-43.027101236879005,
1907,2,-2.8012614662341084,-45.200305572220955,
1908,2,-0.6798000912574462,-48.73068463881067,
1909,2,-10.602860214226915,-54.0243667765986,
1910,2,-15.744816900527056,-55.28614042467288,
1911,2,-5.246116343493797,-45.750613515272576,
1912,2,-8.153423929018217,-54.158036090875584,
1913,2,-21.04847033796871,-52.09397706255416,
1914,2,-13.626050471402753,-41.61171567522029,
1915,2,-12.667458231718811,-49.419782293258756,
1916,2,-3.6224114674477628,-40.122758091792186,
1917,2,-16.794498310020714,-55.12040125475283,
1918,2,-26.006901211723232,-52.97791930212777,
1919,2,-4.64298746173595,-48.135910089195136,
1920,2,-9.75314378697826,-55.516827789634775,
1921,2,-15.83348061906965,-52.96390558369551,
1922,2,-0.8517376366379228,-59.63039313867488,
1923,2,-9.026855879767627,-60.34024187618613,
1924,2,-0.22570171513502757,-52.78415269534319,
1925,2,-3.382022297417378,-60.859018952765155,
1926,2,-28.700769085740852,-50.91305179005064,
1927,2,-1.0403838463030217,-63.52027798196924,
1928,2,-12.51007339394107,-60.08125757977447,
1929,2,-12.542951733339844,-44.34924167204612,
1930,2,-20.621321420369878,-41.07407397767476,
1931,2,-12.437309855927388,-40.91534166697084,
1932,2,-23.19876763356561,-55.41846226602368,
1933,2,-12.335710397293472,-48.86650990976955,
1934,2,-18.423593077771468,-44.65969943423782,
1935,2,-11.443683320162787,-38.04118191543043,
1936,2,-17.16505336472002,-45.9349478115739,
1937,2,-18.508483872120763,-47.265173084298084,
1938,2,-6.561249919444777,-37.24886783483701,
1939,2,-22.14962521324242,-49.15459962138667,
1940,2,-2.9044778923794405,-60.968972743541386,
1941,2,-2.897740527748545,-41.73999509779256,
1942,2,-10.849447759717723,-50.631699443064406,
1943,2,-2.9583768094266114,-51.81720612351694,
1944,2,2.301349010621598,-61.34626516287158,
1945,2,-12.266450288887857,-55.355400533078495,
1946,2,-7.858327358184954,-42.89127596592014,
1947,2,-11.020307326757255,-43.15915358364458,
1948,2,-24.64056366457744,-47.74190900558031,
1949,2,-10.616604438073942,-62.22454801615524,
1950,2,-18.014230802798203,-41.37105701060467,
1951,2,-7.878000462907171,-36.510722165876,
1952,2,-5.940334395061364,-61.45244602945451,
1953,2,-8.337758225319543,-42.14288950272016,
1954,2,-17.78084849198395,-50.53387290862379,
1955,2,-7.753763459113441,-48.29221694863193,
1956,2,-11.51051797730128,-58.0115391651631,
1957,2,-26.406292187042773,-52.070531033638645,
1958,2,-9.106356782412206,-69.7251213124396,
1959,2,-23.564202291145428,-54.89779872734801,
1960,2,-16.363306973643347,-57.74015811783059,
1961,2,3.550456413189792,-51.244799624475974,
1962,2,1.3306295146020428,-60.251308663058296,
1963,2,0.3475132676616388,-52.113919661861615,
1964,2,-16.17439126939301,-56.56677869371367,
1965,2,-26.639674497857023,-51.819901069369294,
1966,2,-2.5668011770789123,-54.70780504475673,
1967,2,-10.378101730140209,-62.08387184266212,
1968,2,-12.008813465402376,-41.54218607222944,
1969,2,-12.558043430113052,-41.49394654147222,
1970,2,-6.4027871033260935,-51.6350277838975,
1971,2,-20.762806077618702,-40.852549428610885,
1972,2,-7.627101004052588,-49.2141579247238,
1973,2,-5.3665804230942245,-37.385232094966355,
1974,2,-3.9013383631668743,-49.39013788888281,
1975,2,-3.3087197702332256,-47.84539492631089,
1976,2,-17.814265820553196,-47.006997271642135,
1977,2,-4.758061649631661,-50.67050666333837,
1978,2,-13.121017618670756,-60.38120505314198,
1979,2,-15.586084589823134,-48.47762922327421,
1980,2,-19.473004992679893,-57.62643140286106,
1981,2,-30.124239484956647,-55.58150649009138,
1982,2,-16.336088020534525,-54.52347074845541,
1983,2,-9.839651548838969,-40.72750394106144,
1984,2,-12.710846859941782,-60.210075991517215,
1985,2,-3.32138601573931,-51.17500052689989,
1986,2,-21.63300409334528,-43.63993192370535,
1987,2,-2.4150757255911257,-55.91972219456238,
1988,2,-20.455851745035062,-48.28116767063726,
1989,2,-6.127633131800283,-36.98260718462399,
1990,2,-10.867503896928525,-61.66831119222843,
1991,2,-27.077872693450523,-52.558316232915544,
1992,2,-20.949026836016678,-55.93993428845506,
1993,2,-4.977160747428413,-45.93333084406248,
1994,2,-17.470390729792243,-44.58909185290603,
1995,2,-3.5488394456783743,-45.688090771497855,
1996,2,-5.488122481035597,-35.278323427592426,
1997,2,-14.634499209355326,-41.844828491449306,
1998,2,-3.396036015849643,-39.92764401208142,
1999,2,-13.221808593548968,-55.20017165198264,
