consistent_change,latitude,longitude,year
0,-20.323529903684253,-41.07488246143046,2014
0,-9.748831873614485,-63.88732960706047,2015
0,-3.562314174940167,-60.710257941714964,2015
0,-3.482274283125117,-42.44472343818432,2014
0,-18.723001561968502,-56.919277611202176,2015
0,-5.688626452451074,-56.61528771905613,2015
0,-9.73751310103458,-55.0247306769941,2015
0,-29.13815879757865,-55.31174241027029,2014
0,2.670017603224249,-51.17230558104753,2015
0,-28.56440482561151,-55.19100883608461,2015
0,-7.226901544977343,-47.44896839142893,2015
0,-8.613990175186295,-49.70113464024499,2015
0,-28.8732456202918,-49.94583572363914,2013
0,-5.270370856165023,-45.41509275665394,2012
0,-11.151281695181883,-44.46620232203848,2013
0,-10.546266351327388,-65.28600650443457,2015
0,-1.5429912477678949,-55.95475649064304,2014
0,-9.97736328189449,-47.34817741655072,2014
0,-24.90251240142669,-54.011970025677755,2014
0,-9.129263822157252,-47.68477615351031,2015
0,-16.231254626877774,-50.83166442530941,2015
0,-3.3550728388937925,-52.569635005495435,2015
0,-6.740733313211856,-55.29584222974136,2014
0,-16.981258057589162,-42.6775667598281,2015
0,-2.5899777114091966,-46.828322361630754,2015
0,-29.29230970033355,-55.4952682228159,2012
0,-17.620229719183378,-53.237173093124674,2015
0,-14.44504451593452,-48.49622434965548,2015
0,-14.178514371136256,-59.442285918180254,2015
0,-7.684503350707827,-41.119349067994385,2015
0,-9.335696674447915,-50.84460016540074,2014
0,-5.523156777116257,-60.944179241699686,2015
0,-3.0642881814243035,-46.400095465690974,2014
0,-18.941022681424307,-46.66042723502882,2015
0,-3.2693735607887904,-51.419432115708815,2015
0,-2.308355869837727,-54.09524385251563,2015
0,-20.526189831781622,-46.67363246970538,2014
0,-20.650157340990113,-42.0439849899386,2015
0,-12.717045235402207,-38.604964587743844,2014
0,-1.6693842082435113,-55.68175847579912,2015
0,-12.509803899355836,-46.45965376902811,2012
0,-23.0130858643381,-48.26095557674458,2014
0,-0.3693423290657396,-52.11041623225355,2015
0,0.2270491880612111,-53.10673771387051,2015
0,-9.180198298766827,-60.68950685865181,2015
0,-7.945104614630898,-41.329554844478345,2015
0,-3.5663565937187043,-53.52418482640086,2015
0,-30.69125609229289,-53.12721930234844,2015
0,-20.03382322455571,-46.11982109704571,2015
0,-23.15430102700169,-47.44465647806518,2015
0,-7.752954975357734,-49.59791821409966,2015
0,-9.36668855175004,-44.896854669245386,2014
0,-15.210139643419115,-59.42746371599229,2008
0,-16.397802280553535,-53.4050682197266,2015
0,-30.855647789286767,-54.176361722671615,2014
0,-14.744722494716791,-54.65767905190285,2015
0,-13.504777908046615,-39.84383119607307,2015
0,-0.29792626397823785,-51.95922976993623,2015
0,-4.4618871004574565,-62.13130288966363,2015
0,-22.231282072568888,-51.96219421037382,2015
0,-15.522483867707475,-59.247441333054724,2015
0,-3.3122231998412923,-54.11276100055596,2015
0,-8.316198658500674,-70.90335163909077,2013
0,-16.36815787617759,-43.22706621912401,2014
0,-14.208428270097434,-55.4726306776561,2015
0,-10.219099924851054,-44.1056185669929,2015
0,-3.9078062332125336,-55.39878916130146,2014
0,-14.83715913745269,-55.04063085752301,2014
0,-2.5347313214358467,-67.0113108391145,2014
0,-29.531351397437763,-51.99480305518736,2014
0,-6.6027520855710975,-55.32198320450925,2015
0,-9.062968154189232,-51.66844511246674,2015
0,-26.14003153682975,-51.501358469620506,2015
0,-4.764529519677322,-52.3753294095404,2014
0,-1.4502851104467591,-46.08667326306168,2015
0,-3.5803703121509693,-61.66184332218277,2015
0,-7.104820497865499,-55.62139168870628,2015
0,-5.280611650403986,-60.190672381380224,2015
0,-7.969359127302126,-40.08826278488199,2015
0,-2.9314273509030264,-44.94186026497977,2014
0,-3.702451359262812,-59.38838700113308,2015
0,-4.99818132507681,-70.17032636724922,2012
0,-16.415049934008632,-46.97977831853331,2014
0,-8.95705678219154,-48.21487200266924,2015
0,-2.1609423317137137,-50.21613879263072,2015
0,-18.64969903478435,-47.611204131740934,2015
0,-16.638999934339626,-45.397845103198826,2015
0,-12.137362382559884,-55.94909710435309,2012
0,-17.135139465758837,-42.36710899763639,2015
0,-8.311347755966427,-42.45146080281522,2015
0,-2.020266158220596,-55.78335793443304,2014
0,-3.9420320455374886,-44.54139131131929,2015
0,-24.00186149756846,-53.77265883398832,2015
0,-1.9704096599519625,-44.607417484702076,2014
0,-2.2207701296360733,-45.88563030247573,2014
0,-4.599598833512977,-44.88580539125071,2014
0,-3.0376082174859538,-61.48235992841569,2015
0,-9.692776999885428,-54.23241659640068,2014
0,-16.906338562893595,-50.01698229414141,2014
0,-15.221188921413784,-52.44755395838361,2015
0,-31.04483298812233,-53.611770566602495,2015
0,-2.5870132709716023,-48.04266496270353,2014
0,3.7196990127179106,-64.1603276219044,2014
0,-12.688478809367206,-60.3227247281458,2013
0,-4.380230241130991,-45.851404490150784,2015
0,-11.55067267050142,-51.906947820400475,2015
0,2.2614638120066908,-52.295020023140104,2015
0,-24.59555806884305,-48.007630666622866,2015
0,-1.7337934141148803,-62.808273287776096,2014
0,-7.932168874539577,-55.3238696666059,2014
0,-14.844435491254055,-57.38738970575685,2014
0,-21.171090374251023,-54.97190973828787,2015
0,-13.203752456338165,-53.682917137104766,2014
0,-3.88597717180843,-52.077807387440004,2014
0,-3.913196124917252,-59.9071640777121,2015
0,0.5213372751387659,-63.75339079819826,2015
0,-10.658376098785501,-48.33318012558779,2015
0,-2.6012964839891017,-53.327992768349155,2015
0,-6.231927536286559,-36.44954689502746,2015
0,-21.81976384091373,-48.60995106462501,2015
0,-24.51605716619847,-47.60931766964427,2015
0,-2.7476320437721715,-55.711402880175065,2015
0,-18.417933691481515,-40.52565249671978,2013
0,-2.8392602027523632,-59.17791173006389,2015
0,-0.4399499103975337,-62.76353718662695,2015
0,-0.5353509935710274,-63.30845523797385,2015
0,-9.059734219166401,-44.504470553141964,2014
0,-7.43117844058612,-46.20120846178692,2015
0,-18.738901742497422,-46.804337343544766,2015
0,-9.901635303443213,-66.64830163280182,2015
0,-3.473919950982805,-50.36543879285138,2013
0,-14.20034343254036,-51.319719119171545,2012
0,-11.744978266456476,-47.78448915004758,2015
0,-3.6458574963632815,-58.77771227098864,2015
0,-3.793271034487295,-45.656559905025254,2013
0,-10.427149744653137,-41.4028573716625,2015
0,-2.388665256238011,-47.921392399347404,2015
0,-1.5535015365920932,-52.066219120274866,2014
0,-8.188727719684112,-49.86094492928986,2015
0,-8.100333495726751,-46.88437723535982,2015
0,-10.330401188553463,-44.57103571569523,2014
0,-11.835528447095722,-43.21736441405552,2015
0,-28.24855717171509,-50.86696821597529,2015
0,1.7178932335859685,-60.88057851958403,2015
0,-9.757994689512504,-50.86508175387866,2015
0,-22.602106621853427,-45.30190503085486,2015
0,-4.7863585810814255,-37.775729748973106,2015
0,-4.971770855723695,-42.84303643516292,2014
0,-6.98705136411743,-51.70078446269505,2012
0,-9.714875555874766,-49.727275615012864,2015
0,-15.734845600873328,-59.168479419580635,2013
0,-6.764718331297848,-52.131436809901935,2014
0,-8.99748096997692,-68.6705890004117,2015
0,-30.074921975858487,-53.955106668192975,2014
0,-2.623125545393207,-49.373968213768656,2014
0,-8.996672486221211,-61.580455957441536,2015
0,-7.6373417982915495,-46.78816766843062,2015
0,-14.34371455188584,-43.79785575065355,2014
0,-7.217738729079323,-49.6523561203173,2015
0,-4.6896100249817545,-39.25606350567367,2014
0,-10.471077362046582,-62.156365886090576,2015
0,-5.487852986450361,-43.42433625551665,2015
0,-0.5916753618853212,-49.85771099426702,2015
0,-6.914557320688983,-47.059009726592656,2015
0,-4.128252803935465,-47.25008138752487,2014
0,1.3826419695525631,-64.11586101534049,2014
0,-25.399190922016373,-52.78657814661032,2015
0,-16.22829018644018,-59.35982057509808,2015
0,-6.634821941214166,-62.34420361199996,2015
0,-7.2837649024621065,-42.16903047748804,2015
0,-16.863488923841096,-40.22489653959657,2014
0,-2.5115547871055623,-47.84081351836186,2015
0,-4.999528798002988,-55.96742273614913,2013
0,-2.4088773501307013,-49.832917492425324,2015
0,-4.648107858855432,-59.5824231025029,2015
0,-3.8504038865572965,-62.80315289065661,2015
0,-8.176061474178027,-55.16459836673151,2012
0,-13.414497221992605,-39.751933542507636,2015
0,-3.6550203122613008,-61.99682509163094,2015
0,-11.114899926175044,-54.39815576632074,2014
0,-0.2526511736586139,-63.578219317794954,2015
0,-1.6343499121628495,-46.378805393457355,2015
0,-0.6393759034720672,-59.158238625341674,2015
0,-16.31345047537471,-45.42263860504053,2015
0,-18.286420333886415,-44.71117290001787,2015
0,-0.4078800547544672,-64.57130686438907,2015
0,0.6868069504735814,-60.404920576642745,2014
0,-10.681822127701023,-49.38744294303045,2015
0,-6.983008945338893,-50.42607507452946,2012
0,-11.398677724428401,-45.12727253962204,2015
0,-2.6767549678551417,-55.279133565456746,2015
0,-2.7452065925050495,-52.00288789274444,2014
0,-3.1825963043428454,-47.09081008765048,2015
0,-19.452253909616736,-50.82142363107045,2015
0,-3.8932535256097984,-62.628789894009024,2015
0,-13.789633684640913,-49.880618034012066,2015
0,-5.503753166979276,-60.41084945751793,2014
0,-10.117500466217136,-49.92966604852499,2015
0,-3.610014716526913,-61.5500030693099,2015
0,-12.21928873647158,-37.85523065161769,2015
0,-11.363104439177267,-47.251159365865824,2015
0,-6.321399738584866,-46.98948012360181,2015
0,-6.777115082218697,-55.01529836651085,2015
0,-12.318193249253142,-41.934570188332856,2015
0,0.5579885387308421,-63.69598845154302,2015
0,-5.2407264517890795,-60.13003609970217,2015
0,-2.399175545062209,-56.819834109250145,2015
0,-5.575169232066778,-47.74945485396693,2015
0,-9.102583858218905,-47.70930016076677,2015
0,-9.263202631019473,-67.95265542534337,2014
0,-28.494605728035427,-52.100714427185046,2014
0,-23.639930269596704,-54.69298284256876,2015
0,-10.392115448572477,-61.326861552734606,2015
0,-12.257556967575074,-51.30031550903457,2015
0,-14.806975743906277,-39.400782097945324,2014
0,-10.547613824253563,-54.43938843786182,2015
0,-12.050046136943465,-58.29693393092786,2014
0,-5.466562914216728,-40.329999427838565,2015
0,-10.233113643283318,-43.6170248839603,2014
0,-12.226834584858187,-38.35783805308256,2015
0,-13.063884766600756,-50.47997399157661,2015
0,-8.117311654596612,-49.1704998019156,2014
0,-1.303680056078453,-53.485108111541656,2015
0,-3.154568867478315,-64.45030379561818,2015
0,-4.508240169118023,-43.77467921632327,2015
0,-10.005390718759019,-63.174246934526394,2014
0,-27.30990753133859,-48.81099402521096,2015
0,-2.4940376390652323,-49.095041318049546,2015
0,-20.45773820713171,-43.55396315101511,2015
0,-4.117203525940794,-48.86058102889436,2015
0,-8.117850643767085,-50.737610815062105,2014
0,-4.250603345632544,-49.494432293369094,2015
0,-23.756890919589065,-47.14632597220907,2014
0,-12.18236797829427,-63.299292422075844,2015
0,-16.961584952866946,-45.58083192657397,2015
0,-17.01790932118124,-45.26875719687087,2013
0,-31.7999568159532,-54.24211840146917,2014
0,-1.1977686840807618,-52.74022507794975,2015
0,-16.486196504510893,-52.366705582812855,2015
0,-15.640253001455537,-44.755100517411314,2015
0,-22.62555265076894,-42.64873083920787,2013
0,-1.3284735579201523,-53.69181045841755,2014
0,-10.337677542354832,-60.01442292263597,2015
0,-5.7492627341291405,-43.243505388823394,2014
0,-19.942464560160754,-47.72951225465947,2015
0,-19.306187844418897,-48.27631676810303,2015
0,-5.975368691142024,-61.48774982012041,2014
0,-4.139032587344899,-54.021402336161,2014
0,-3.1001309612606716,-59.889646929671784,2014
0,-1.8572219341529024,-46.38635124184395,2015
0,0.9953782505686376,-60.75202960242652,2015
0,-11.46093097361788,-48.18549709287854,2015
0,-16.897175746995572,-40.45477542080276,2015
0,-9.54293801049429,-64.20668069056497,2014
0,-17.600017625290693,-47.55299330132998,2011
0,-20.904829724038,-57.43616822568454,2015
0,-11.891313826239545,-51.38951821674764,2015
0,-13.386469785128075,-60.91480433190898,2015
0,-1.6179107424634624,-53.21723049381721,2015
0,-4.450568327877549,-54.802667138759745,2014
0,-2.079554966972485,-54.9398398826448,2013
0,-8.717206601331629,-54.609439521145646,2014
0,-3.2011914307241183,-44.63248048112901,2015
0,1.504723016664406,-61.12366263546678,2015
0,-15.302576286155011,-47.57024095478508,2015
0,-4.706588183851612,-61.25625397140281,2015
0,-21.679626656591086,-41.136057732279,2015
0,-3.5310528030528063,-52.99004655846338,2015
0,-26.29283496665848,-49.513027419750365,2015
0,-7.041758764920308,-59.484057578891814,2015
0,-3.7229329477407367,-49.22278175145135,2015
0,-10.789619961795363,-43.45586712198926,2015
0,-4.219341973745185,-46.742084094355285,2015
0,-7.059275912960639,-55.31578482904882,2015
0,-13.343889640660805,-61.874474549933865,2015
0,-4.472397389281653,-60.308711009713534,2015
0,-2.0596123676650318,-45.55226550053898,2009
0,-4.906822660681853,-48.76895286991416,2014
0,-3.4316093011007758,-60.70513754459548,2011
0,-3.282848290050583,-60.10551209244571,2015
0,-2.433940346557635,-47.019933011733464,2015
0,-15.82836022195017,-40.457739861240356,2013
0,-2.772425545613872,-49.766621824457296,2014
0,4.167060024209431,-61.08539440436327,2014
0,-9.41358060958108,-35.735116749567204,2014
0,-17.00766852694228,-51.18012092401936,2014
0,-5.746298293691546,-52.1198485427368,2015
0,-13.730075381303791,-58.32442237862193,2014
0,-10.225298300311481,-43.1766707316849,2015
0,-18.215004268798914,-55.79791064203578,2015
0,-11.59945119042911,-49.544558286222966,2014
0,-2.3207526207585754,-56.29674511930735,2015
0,-7.321224649809892,-55.169718763850994,2015
0,-10.176519780383787,-47.83542362665715,2013
0,-2.285718324677915,-46.4866032275517,2015
0,-12.94854108411981,-42.6918499728456,2015
0,-13.373534045036758,-48.83120611910365,2015
0,-9.641842523275852,-51.8522404195976,2014
0,0.07909666076672561,-51.63314132180085,2014
0,-4.794443418638502,-38.80654653750026,2015
0,-10.800399745204796,-55.46804926970708,2014
0,-2.9093287949136863,-54.33051262542654,2015
0,-2.4422946786999478,-56.596962087260074,2010
0,-6.634282952043693,-47.08299474467864,2015
0,-8.068263640083686,-36.372201949064774,2015
0,-6.913209847762805,-64.62817022187384,2014
0,-7.735437827317402,-46.36074925624655,2015
0,-19.285706255940973,-46.68063932892153,2015
0,-3.320308037398367,-41.865849069097706,2015
0,0.6401843872277784,-63.50168285558796,2015
0,-16.97640715505492,-53.216422010061514,2015
0,0.7180683223609412,-66.04759820231111,2013
0,2.8891167010210004,-61.488019314705646,2015
0,0.7164513548495259,-59.61799638775403,2014
0,-8.06395172671991,-44.841069290101565,2014
0,-5.773517246800367,-37.35073678805615,2012
0,-9.419239995871036,-44.50851297192051,2014
0,-19.53525824186937,-56.0919292345281,2014
0,-3.2548208531860547,-54.030295657473786,2015
0,-3.399808940042944,-53.60557219114208,2015
0,-3.5302443192971,-53.76026208306747,2014
0,-10.802555701886686,-44.07651315178743,2015
0,-4.474283851378304,-62.27736895486146,2015
0,2.469513631808772,-51.66979258539293,2014
0,-5.026208761941338,-47.47537886078206,2014
0,-10.09324595354591,-54.72505269821183,2012
0,-13.342542167734633,-54.04403988132081,2014
0,-3.60624179233361,-61.56374729315692,2015
0,-5.276838726210685,-59.42126534053185,2013
0,0.4146174193853671,-60.64072833872411,2015
0,-15.350546322326998,-51.75441388515697,2014
0,-20.235405174312127,-46.285290772380506,2015
0,-9.158908226533194,-64.50770614227342,2014
0,-17.57845805847182,-52.96794800247405,2015
0,-14.620485490923064,-51.24129619486793,2015
0,1.0961692254468476,-67.66591318665242,2015
0,-16.427985674099947,-48.092251966386925,2015
0,-6.7614843962750175,-62.43906570600298,2015
0,0.6288656146478724,-63.51461859567928,2015
0,-17.115196866451384,-49.13708247334635,2015
0,-16.53335805692717,-42.97805322236609,2015
0,-8.679477359398607,-70.51420145801019,2014
0,-5.5102210370249365,-60.79784368191662,2014
0,-19.49025264613499,-44.66967073389154,2014
0,-1.5499981069840263,-47.33631965480035,2015
0,-21.378062215712163,-51.83984366867675,2015
0,-8.275774470715294,-63.003926356657345,2015
0,-6.927223566195071,-36.50560176875652,2015
0,-6.272621218657174,-47.97771676766168,2015
0,-10.820072849927016,-45.41967416460294,2015
0,-6.081280063139716,-61.595547654214755,2015
0,-25.562774135254546,-52.33140179214695,2014
0,-10.541145954207902,-49.46559637274885,2015
0,-1.476426085214638,-55.15489656166303,2015
0,-13.883417800302992,-47.292392037406906,2015
0,-17.321899213327285,-45.42156062669959,2015
0,-4.764799014262559,-60.0093025255165,2015
0,-18.101008059244148,-42.14262000813493,2015
0,-16.48350155865854,-43.09690033445509,2014
0,-1.6532145331293586,-53.87614475471889,2014
0,-30.23634923241476,-54.82260973806721,2015
0,-20.436717629483315,-46.86578210897855,2015
0,-3.4617926946471917,-42.948139323404895,2013
0,0.5256491885025394,-63.732100725964614,2015
0,-18.27321509920986,-47.055506296984596,2015
0,-3.655289806846537,-50.74866009305678,2015
0,-28.328327568944896,-49.34432380939272,2014
0,-20.563380084544168,-49.80246460429368,2015
0,-11.810734945254026,-41.152227407393156,2015
0,-14.728013830432166,-55.93104096714227,2015
0,-3.622141972862527,-51.20194998542348,2013
0,-2.1488150753781,-54.88674944935335,2015
0,-22.870253734163104,-43.59357885504478,2014
0,-5.609125549806495,-46.159975790245845,2014
0,-3.583334752588564,-44.61280737640679,2014
0,-18.84427412532464,-41.995475964596146,2015
0,-2.32964594207136,-50.002429586538675,2015
0,-18.369155171553825,-48.93388355607851,2015
0,-8.510773749040961,-61.64863808750621,2015
0,-16.927898129712464,-52.91620504210876,2015
0,-2.323717061196171,-46.808110267738066,2015
0,-13.299962023267364,-53.703129230997455,2014
0,-9.285570681594047,-67.47672798781684,2015
0,-4.3796912519605184,-56.333935372069895,2015
0,-7.028553530243751,-55.67717706785011,2015
0,-2.034010382067625,-50.89607363118078,2015
0,-2.8212040655415604,-55.342195298401926,2015
0,-3.205503344087892,-65.67677365302656,2014
0,-3.934216702565649,-51.081755400408284,2015
0,-20.10470030047274,-47.394530485211284,2015
0,-4.619002443649959,-62.091687185633965,2014
0,-10.068182957118974,-51.694047098064146,2014
0,-1.6486331251803508,-63.51758303611689,2015
0,-17.343997769316626,-43.32812668858747,2015
0,-15.400133326010394,-48.49972777926354,2015
0,-29.963890206741308,-54.9188193049964,2015
0,-4.853732227390392,-45.194646185931,2015
0,-11.342083861528868,-41.019905566042354,2015
0,-7.746487105312072,-66.77873701205598,2014
0,-14.549069425835556,-52.552656846625595,2015
0,-12.19853765340842,-61.49179223889895,2015
0,-3.301443416431858,-53.87021587384369,2014
0,-17.851186578730513,-42.3956754236714,2012
0,0.07936615535196179,-51.342626158916595,2015
0,-12.033067978073607,-48.63501406105195,2015
0,2.720413090663355,-61.54461317760517,2014
0,-21.79119741487873,-47.99442543194632,2013
0,-27.883661503305742,-49.26374492840719,2015
0,-1.8728526200965832,-47.822757381151064,2013
0,-31.24937937831635,-52.43839114248559,2015
0,-18.713030262314774,-52.61544908498554,2015
0,-25.01543063264052,-48.37441279712887,2015
0,-2.952986917721895,-55.76907472141554,2015
0,0.0914934116875754,-68.17121553396964,2014
0,-5.117028437165822,-46.255915862589795,2015
0,-8.11865912752279,-44.58720539080938,2015
0,-11.77516166000289,-64.97069783970862,2013
0,-11.640683861970196,-52.663149626572284,2014
0,-0.4803740981829119,-49.80893247433933,2015
0,-11.79537375389558,-51.73527976960525,2015
0,-11.067199384588296,-49.600343665366786,2015
0,-16.339860944727825,-45.64362416493394,2015
0,-14.360153721585224,-53.82979168605832,2015
0,-8.810182233237999,-71.05561607974902,2014
0,-15.499037838791953,-45.37817199847662,2014
0,0.949564171078542,-51.16502922724617,2015
0,-2.308894859008197,-46.53834618791697,2015
0,1.3912657962801107,-68.15127293466219,2015
0,-5.632841073307253,-37.714823972709816,2015
0,-13.665127186261953,-40.17935195469171,2014
0,-16.806625566356328,-52.10933825391261,2015
0,-16.47110480773769,-39.85703643074963,2015
0,-9.793028985593164,-55.831866959775496,2013
0,-16.599384230309955,-40.732085349010454,2015
0,-22.9025930843914,-45.383022901010854,2014
0,-6.293372301720336,-49.94610521822439,2015
0,-13.484835308739164,-41.96098065768596,2015
0,-9.272904436087963,-50.338219839742564,2015
0,-4.099416883315228,-43.494404847677984,2015
0,-9.61839649436033,-41.46133769665868,2014
0,-11.009797037933057,-51.96165522120336,2015
0,-19.292713115157106,-44.38400647354155,2014
0,-3.5181170629614864,-54.4911313982271,2015
0,-13.243907149538307,-52.53864312819333,2015
0,-27.959119987171768,-55.01071695856183,2015
0,-11.958148483378036,-56.620138621590364,2015
0,-9.73939956313123,-65.07068033083112,2015
0,-4.528721757595948,-60.68169151567996,2013
0,-18.027705532059997,-40.113595275894156,2015
0,-5.7859139977212175,-49.15082669719338,2015
0,-15.076470329142131,-47.46864149615115,2015
0,-0.4065325818282872,-51.21326875800339,2015
0,-17.574685134278518,-46.31493517675646,2013
0,-12.489052816292672,-53.21669150464674,2013
0,-5.501327715712154,-45.024325608061936,2015
0,-6.89919612933054,-57.752015879580966,2014
0,-1.9652892628324805,-50.5850768798186,2015
0,-3.5404851135360618,-61.43385090307324,2014
0,-0.7347769866455609,-47.51580304856744,2015
0,-27.221243812796,-52.17024403017591,2015
0,-2.415614714761598,-55.79602417993912,2014
0,-11.277944150242734,-42.120521452145596,2015
0,-5.498632769859794,-50.47350612153096,2015
0,-18.06112286062924,-42.5422804780397,2015
0,-22.36953279479488,-45.283040409888365,2015
0,-22.938974853398246,-49.0255117150587,2014
0,-7.675610029395043,-65.90018466418708,2015
0,-15.100994336398593,-48.081741677562725,2015
0,-7.053077537500213,-36.312104656557175,2015
0,-3.2974009976533187,-47.84027452919141,2015
0,-16.62633368883354,-56.152835010791385,2014
0,-0.7056715714400879,-63.80055235061453,2014
0,1.7567004538599322,-60.94768267130775,2015
0,-21.01774795525182,-54.830425081039046,2015
0,-9.71595353421571,-36.71634653441096,2014
0,-9.304435302560561,-48.536648537440854,2015
0,-1.7362188653820023,-45.61910015767748,2015
0,-1.4519020779581746,-55.61627129158681,2015
0,-8.561438731065303,-41.341412606228715,2015
0,-9.055961294973098,-44.52764708747226,2014
0,-14.26933404636074,-45.23992127625063,2014
0,-11.246952272940609,-45.2878913124226,2015
0,-6.280167067043778,-42.636603582872254,2015
0,-4.1128916125770205,-56.32126912656381,2014
0,-13.7594502910945,-56.918469127446464,2014
0,-4.4516463062184926,-45.65817687253667,2014
0,-3.4429280736806818,-59.906355593956405,2015
0,-1.6936387209147383,-48.198702327555104,2012
0,-6.110115983759951,-38.30636458730251,2014
0,-10.416100466658467,-64.67048087175587,2013
0,-2.404565436766928,-45.6681481721904,2014
0,2.3258730178780604,-51.252884462033045,2014
0,-7.961813278915522,-50.353581031101,2015
0,-21.954511133531657,-48.20220575716315,2014
0,-19.17009307887479,-50.08139150001279,2015
0,-16.835461486976563,-45.33936477820265,2014
0,-18.447039106686987,-43.79462181563072,2015
0,-19.492408602816877,-53.96831190286954,2015
0,-31.189551580393985,-54.3167684015795,2012
0,-8.682172305250965,-70.97476770417826,2014
0,-3.181787820587137,-53.0946104575349,2014
0,-18.45997484677831,-49.22709366481512,2015
0,-16.405617623525373,-49.22628518105941,2015
0,-3.5685125504005897,-61.73999675190117,2015
0,1.0298735574788271,-60.76927725588161,2015
0,-12.38071599302786,-57.74608699870578,2015
0,-2.7678441376648615,-48.656843122456046,2015
0,-3.73182626905352,-60.13219205638405,2015
0,-3.263983669084074,-56.51207129291078,2015
0,-4.460809122116512,-49.19529330375729,2014
0,-8.19411761138883,-61.56293880940121,2014
0,-15.05383278398232,-59.21671895033785,2015
0,-5.904761109810231,-53.884768581446416,2015
0,-30.79123858341539,-54.833928510647105,2015
0,-10.369208408827426,-47.33793662231177,2015
0,-4.196434934000137,-48.16393752605968,2015
0,-14.685164191379664,-57.762256673819934,2015
0,-0.5329255423039045,-52.589847099388145,2015
0,-2.7109807801800967,-57.744200536609135,2008
0,-21.11395752218102,-42.19759690352304,2015
0,-0.39251886339602304,-56.040725263333286,2014
0,-4.790131505274728,-46.420307559583684,2015
0,-6.746123204916573,-55.59228627350081,2015
0,-21.91354795657581,-55.21122092997732,2015
0,0.04487084844177147,-49.74075034427465,2015
0,-4.146039446561032,-42.853546723987115,2015
0,-19.020254089483654,-40.91129924819229,2014
0,-3.852559843239184,-62.475986464180295,2008
0,-19.980193802093773,-43.59411784421525,2015
0,-8.344765084535673,-56.22290360295271,2015
0,-5.282228617915401,-38.67099076112663,2014
0,0.01926886284436513,-49.50898500097183,2015
0,-3.0572813222081723,-61.02799205770803,2015
0,-4.865589989140768,-45.89991351549324,2014
0,-10.401278264470497,-38.87769310800253,2015
0,-16.618518345861702,-45.19841911012431,2015
0,-13.374612023377695,-47.00322434744884,2013
0,-13.016992708769715,-56.406968404668795,2014
0,-0.5895194052034345,-49.856902510511325,2015
0,-2.1771120068278647,-50.62307561633686,2015
0,0.8676378171668411,-62.09626859358298,2015
0,-7.800925011529716,-54.76655486433815,2015
0,2.8645926937645374,-51.870027062223166,2015
0,-1.6340804175776134,-50.47323662694571,2015
0,-5.812593961659568,-47.2915835536512,2015
0,-11.033782056019051,-44.037166942343,2014
0,-8.557665806872004,-70.54195940028947,2015
0,-1.8181452192937035,-47.86857146064118,2015
0,-11.215421406468018,-52.527054861028176,2015
0,-4.625739808280857,-60.49115884391821,2014
0,1.8211096597313012,-50.98770179016097,2015
0,-16.664332425351795,-49.53350900822829,2015
0,-5.845472301058343,-46.63347777650524,2015
0,-7.536820317998576,-48.497571822581655,2015
0,-2.353900454742585,-55.89627616564686,2015
0,-0.5552935928784803,-51.7748954736349,2014
0,-16.2336800781449,-48.81773138984185,2014
0,-8.096291076948216,-44.19185683426838,2015
0,-3.3275843911997347,-50.624423089263026,2015
0,-8.646329525414599,-64.10292527524916,2015
0,-1.6065919698835556,-58.52196190959981,2015
0,-6.539420858040673,-48.42453878998274,2015
0,-2.6829533433155666,-44.18835340466031,2015
0,-10.756472127811351,-44.600680120071175,2015
0,-15.439749030040064,-53.40210377928901,2015
0,-1.7127728364664838,-53.60126027777831,2015
0,-5.315645946484649,-45.986151782768715,2015
0,-6.1243991967774525,-51.06935864948744,2015
0,-3.4696080376190315,-52.7068077493805,2014
0,-13.822781518624925,-46.9676510621977,2015
0,-10.081388191795533,-42.45577271617899,2015
0,-2.018918685294417,-54.12866118108488,2015
0,-21.696335320875708,-42.60695917849631,2013
0,-2.6277069533422166,-48.48113265288226,2014
0,-10.477006242921773,-49.67283770879522,2014
0,-8.77945985052111,-42.79021549645669,2015
0,-2.0526055084488983,-56.09219872911333,2015
0,-3.8124051500390417,-54.05562814848596,2015
0,-26.06807648257177,-50.43362092291605,2015
0,-14.962204625002125,-48.047246370652545,2015
0,-15.0770093183126,-53.47405883354697,2012
0,-16.41882285820193,-50.78477236747837,2015
0,-3.2825787954653465,-53.50073879748533,2015
0,-4.642178977980243,-42.692658456601315,2015
0,-12.09963314062686,-51.854665870864714,2014
0,-4.082169229860133,-69.49227799079581,2015
0,-16.970208779594493,-42.39055502655192,2015
0,-20.182314741020665,-45.89533210754422,2015
0,-6.961449378520022,-49.40010918853654,2014
0,-2.273860562927537,-52.49094258660658,2015
0,-9.500896855197496,-44.43655791766253,2015
0,-13.07655101210684,-51.75899529310599,2015
0,-24.620351570684747,-53.97828320252327,2015
0,-8.775956420913044,-48.131867670416604,2015
0,-5.620444322386402,-46.31331820924504,2013
0,-9.076442883451026,-44.55971694311532,2014
0,-7.236872844631067,-57.05645035508722,2011
0,-5.548489268128429,-44.04147885570678,2015
0,-0.6423403439096624,-52.3971584709445,2015
0,-9.795184942275053,-64.0994218456411,2015
0,-2.274669046683244,-46.8827602678484,2015
0,-2.7923681449213253,-67.3012870128283,2014
0,-4.891730963908644,-40.230016936716055,2015
0,-8.938731150395501,-64.48965000506261,2015
0,-2.063115797273096,-50.52282363062912,2015
0,-2.774312007710523,-55.610881399882096,2015
0,-9.976285303553551,-48.1642070206449,2015
0,-19.86997051673231,-48.77919366415314,2014
0,-15.852884229206635,-59.48297960055087,2015
0,3.4033123696510144,-60.32488068482769,2014
0,-26.24648189799791,-51.034324353406774,2015
0,-3.4693385430337957,-42.055573257103745,2015
0,-11.504589096426091,-47.25654925757054,2014
0,-12.330859494759224,-43.332438601951225,2015
0,1.0347244600130727,-60.97328465690516,2014
0,-15.5324551673612,-59.474625268408566,2014
0,-9.962271585121284,-45.212432828556565,2015
0,-9.831027722111422,-45.28762181783738,2015
0,-6.945549197991109,-41.51550610829109,2014
0,-10.086508588915011,-63.618913000165556,2014
0,-20.425129362318174,-46.91590810183242,2014
0,-22.412651928432613,-49.2074205600929,2015
0,-3.3243504561769064,-59.36278501553568,2015
0,-22.49996817404903,-49.67310720338046,2015
0,-16.90014018743317,-45.54445015756714,2015
0,-9.049223930342203,-44.524413152449426,2013
0,-12.575021588982912,-54.80967399797589,2014
0,1.1724361930685951,-60.84446624516242,2015
0,-13.985017258936914,-59.577841694553896,2015
0,-5.6236782574092326,-47.9928084644349,2015
0,-0.4733672389667802,-63.612984119290374,2015
0,-19.219949577143424,-40.09122722531959,2014
0,-3.8021643558000777,-57.19820450692129,2015
0,-31.181736237422147,-54.71346443104669,2015
0,-11.373075738830993,-46.540232650013635,2013
0,-11.232938554508348,-40.72992939232857,2015
0,-14.48654668206084,-56.92062508412834,2015
0,-2.8791454013672704,-57.568220572450116,2015
0,-29.240566739968273,-50.81522525561003,2015
0,-10.077076278431758,-44.658621455896885,2014
0,-3.3273148966145003,-60.26532238149056,2014
0,-0.008489079434927937,-63.3343267181565,2014
0,-25.07444994680717,-54.24616082024771,2015
0,-7.980947394467268,-44.41526784542889,2014
0,-2.6384867367516507,-48.0890180313641,2014
0,-7.848625553116463,-35.87417595554891,2014
0,-6.908089450643322,-56.654633928500566,2013
0,-6.045976272473817,-52.375868398710864,2014
0,-18.313908781580476,-46.2055203751507,2015
0,-0.992952799301511,-62.109473828259524,2015
0,-1.4942127278402042,-53.660010097359724,2015
0,-8.995055518709796,-72.69980254427298,2015
0,-11.670058771760907,-54.490322914471385,2014
0,-18.925391995480627,-40.322992568622425,2015
0,-7.706062917526696,-72.5240920746992,2015
0,-1.3290125470906249,-62.20945631938203,2015
0,-8.987509670323194,-48.01059510706047,2015
0,-10.70149523242324,-55.946941147671204,2014
0,-14.291163107764845,-39.789123795270186,2014
0,-16.68023260588071,-52.12604691819723,2015
0,-2.659237819814812,-47.1239579216345,2015
0,-22.14908622407195,-55.23466695889283,2015
0,-0.9188417883616512,-49.45319962182801,2015
0,2.850309480747037,-60.17881461962986,2014
0,-6.253756597690664,-49.97601911718557,2015
0,-9.010416710068238,-67.3139532583344,2015
0,-19.909855715347213,-43.79219636436361,2015
0,-5.135893058132331,-44.110738964112386,2014
0,-6.1055345758109425,-46.76795557453793,2015
0,-4.705510205510668,-48.77083933201082,2015
0,-13.270048124306186,-46.40467687364,2015
0,-7.312600823082343,-55.80357002832572,2015
0,-6.898387645574832,-60.098505233229574,2015
0,-3.831808760176023,-60.91776877234657,2015
0,-10.913048481833382,-48.80479564975053,2015
0,-7.968281148961183,-54.857374539562635,2015
0,-5.158800097877379,-36.693170000080684,2015
0,-2.688612729605519,-55.81947020885464,2015
0,1.7246305982168648,-60.617821298979074,2014
0,-20.019809506123444,-47.39291351769988,2015
0,-1.1444087562040623,-46.72294997880354,2015
0,-8.163934217842414,-44.573461166962346,2014
0,-2.5029309603780154,-56.13693483026248,2015
0,-29.568272155615077,-51.753335906816034,2014
0,-20.0931120333076,-40.77277903138107,2014
0,-15.521675383951766,-48.426964241249856,2014
0,-8.127821943420809,-49.98841586810642,2014
0,-30.41556313159661,-52.856377244186405,2015
0,-15.906244157083332,-44.702010084119856,2015
0,0.7080970227072143,-55.787400353211574,2014
0,-7.40665443332966,-43.1766707316849,2015
0,-19.512620696709565,-43.366125425105714,2015
0,-1.929715977581348,-59.9311490957981,2015
0,-5.187636018497616,-38.85209112240512,2015
0,-1.3149988286583598,-55.09884168793396,2015
0,-8.802905879436631,-47.93136369900113,2013
0,-23.74611113617963,-50.13960233042373,2015
0,-12.812446318575704,-42.30296928635026,2015
0,-14.565778090120185,-47.24118806621209,2015
0,-12.273187653518756,-47.88204618990297,2015
0,-8.03808024653727,-63.66553556341137,2010
0,-6.0400473915986295,-52.83185323692993,2015
0,-3.320577531983603,-54.79080937700938,2015
0,-22.710173950532997,-52.65802922945281,2015
0,-27.135275040105764,-49.94880016407674,2015
0,-11.819089277396333,-53.59209746188029,2014
0,-12.37290065005602,-57.30519385725992,2013
0,-17.140529357463556,-58.23441118715315,2014
0,-32.06190555280245,-53.26708699208585,2015
0,-5.494590351081255,-45.05019708824458,2015
0,-0.6504251814667379,-47.43333770548526,2015
0,4.3112396273106155,-60.10551209244571,2015
0,-7.627370498637824,-49.54833121041626,2013
0,-12.523278628617627,-47.34359600860172,2015
0,-1.6203361937305845,-54.92367020753065,2015
0,-20.788947052386575,-44.52603011996084,2015
0,-12.83508386373551,-43.38984094860647,2015
0,-16.790186396656942,-43.16696892661642,2015
0,-14.28307827020777,-45.43880828015469,2015
0,-1.6427042443051605,-44.65323156419217,2014
0,-1.3670112836088792,-55.18103753643089,2015
0,-14.616982061314996,-48.90477814087304,2014
0,-2.1722611042936193,-54.59973771607716,2015
0,-2.4083383609602285,-46.25429889507839,2014
0,-15.409835131078884,-56.018087718173454,2014
0,-9.03979161985895,-50.67724402796927,2012
0,-13.600987474975815,-46.89192308374643,2013
0,-16.785604988707927,-45.626107016893606,2015
0,-16.90741654123454,-50.02021622916425,2015
0,-19.008126833148037,-45.86487921941257,2015
0,-12.401736570676254,-60.552873103937216,2015
0,-15.139262567502088,-51.474409011096924,2015
0,-8.302184940068408,-61.690679242803014,2015
0,-4.303424284338772,-59.58592653211097,2015
0,-4.105615258775654,-63.25401733175621,2015
0,-4.628165259547979,-46.923723444804246,2015
0,-6.849070136476673,-39.03049653783125,2015
0,-5.090348473227473,-63.026024912646676,2015
0,-3.1497179649440694,-52.99678392309429,2014
0,-8.699419958706063,-47.07113698292826,2015
0,-5.554148654418381,-48.099258825603066,2015
0,-9.816744509093922,-57.076392954394684,2014
0,-7.1153307866896975,-41.4141761442424,2015
0,-12.071336209177096,-41.730562787309296,2014
0,-8.316737647671147,-48.181454674099996,2015
0,-4.602024284780102,-48.46496297776812,2015
0,-13.466779171528364,-51.11571171814801,2013
0,-10.832739095433102,-63.5170440469464,2012
0,-21.233074128855268,-57.13649024690228,2015
0,-3.8506733811425318,-41.183219284695284,2015
0,-11.658470504595766,-58.22982977920414,2015
0,-7.5219981158106055,-36.16388263467746,2015
0,-8.91986652942899,-48.10006730935878,2015
0,0.2812175996936181,-50.00054312444203,2015
0,-31.238869089492148,-54.77248374521335,2015
0,-5.509682047854464,-60.992149277871675,2015
0,-14.394379533910179,-53.67806623457052,2015
0,-17.945240188977824,-50.09567471303029,2015
0,-23.483892904745144,-52.80355630548018,2013
0,-4.059801179285556,-69.62082690795332,2015
0,-5.142360928177992,-54.07961316657194,2014
0,-2.7117892639358034,-55.61034241071161,2015
0,-7.384016888169848,-45.98291784774589,2015
0,-3.3733984706898306,-57.98135577161668,2015
0,-6.279358583288071,-50.33309944262307,2015
0,-3.5631226586958737,-52.22764637683114,2014
0,-10.55030877010592,-43.29309239250679,2011
0,-30.34360807733863,-52.94827489775183,2014
0,-13.058225380310802,-45.139130301372425,2013
0,-7.679921942758816,-55.528416056799905,2015
0,-3.5941145359979982,-59.39485487117875,2012
0,-12.206083501795025,-61.48774982012041,2014
0,-1.434654424503079,-51.7778599140725,2014
0,-20.322451925343312,-43.459101057012084,2014
0,-4.724913815647652,-45.062054849994965,2015
0,-11.459852995276934,-51.395177603037574,2014
0,-11.808848483157373,-45.454438966098365,2013
0,-16.93544397809907,-39.678092026153024,2013
0,-14.55499830671075,-44.84834564390293,2015
0,-2.4883782527752785,-43.31707741059279,2015
0,-1.1473731966416567,-61.89495613841178,2015
0,-3.732365258223992,-61.71008285294,2015
0,1.7116948581255436,-50.72494456955601,2013
0,-27.145785328929964,-48.633666588125756,2013
0,-19.42907737528645,-44.214763874013435,2014
0,-11.508092526034154,-56.203230498230496,2015
0,-6.389042879479065,-43.94068788082856,2015
0,-9.959576639268924,-54.870040785068724,2014
0,0.1575195850703599,-63.61190614094943,2015
0,-5.761389990464754,-39.50184256740877,2015
0,-22.09114488824624,-55.21607183251156,2015
0,-4.082169229860133,-39.44983011245825,2014
0,-8.107879344113357,-44.2220402278148,2015
0,-3.3822917920026137,-60.2197777965857,2015
0,-1.6583349302488406,-44.87394762950033,2014
0,-3.4078937776000204,-58.97040089943228,2012
0,-19.928720336313727,-44.52306567952324,2015
0,-9.870373931555855,-63.89622292837326,2015
0,-15.855309680473757,-44.87125268364797,2015
0,-12.463181336110035,-46.93935413074793,2015
0,-2.0523360138636635,-50.67104565250884,2015
0,-2.021883125732012,-46.666086621318776,2012
0,-28.935498869481286,-51.023814064582574,2015
0,-8.100064001141515,-44.86586279194326,2015
0,-13.841376645006198,-46.96926802970911,2015
0,-31.51860446896697,-52.763401612280035,2015
0,-5.827955153018012,-57.000664975943394,2015
0,-16.05796960857112,-41.4095947362934,2015
0,-1.5184672405114314,-65.5034886347199,2015
0,-7.555415444379852,-35.043324149266766,2014
0,-0.013070487383937568,-52.003157387329686,2015
0,-10.413944509976577,-40.13919726149157,2014
0,-3.353455871382377,-44.75590900116703,2015
0,-4.5624085807504295,-62.12079260083944,2013
0,-19.95432232191113,-43.23272560541396,2014
0,-7.276758043245976,-69.92589477844031,2014
0,-3.003382405161002,-64.69716083569422,2015
0,-14.057241807780125,-48.197354854628905,2015
0,-6.985973385776488,-47.85671369889079,2015
0,-21.472115825959477,-42.94652235589349,2015
0,-3.619447027010168,-43.0435404065784,2012
0,1.860994858346208,-61.123932130052005,2015
0,1.3713231969726571,-50.362743846999024,2014
0,-8.249633495947418,-45.741720193959786,2015
0,-11.993991263214404,-48.55605214757785,2015
0,-12.63026797895626,-46.355359364541826,2014
0,-28.61156637802778,-50.138524352082776,2014
0,-2.416962187687777,-53.9898714696884,2014
0,-2.657081863132924,-44.866671275698955,2015
0,-2.471939083075891,-49.72970106627999,2015
0,-7.897673567629389,-54.94603825810523,2015
0,-7.005915985083939,-44.44922416316862,2015
0,-22.364142903090162,-50.160083918901655,2015
0,-6.538073385114492,-40.799458995319426,2015
0,-25.13724218516712,-50.146070200469396,2015
0,-14.217860580580693,-43.95227614799371,2014
0,-2.3291069529008874,-54.47738717438008,2012
0,-4.849420314026617,-45.94491911122762,2013
0,-18.73432033454841,-56.561388802008956,2014
0,-9.349440898294947,-44.993064236174575,2015
0,-2.742242152067456,-55.66478031692925,2015
0,-20.64315048177398,-44.114511888305685,2015
0,-7.739210751510705,-55.034971471233064,2015
0,-8.404592882458033,-44.43979185268537,2015
0,-12.867153719378582,-47.46756351781021,2015
0,-9.580128263256839,-63.56393610477745,2015
0,-18.005337481485423,-40.43725827276243,2015
0,-15.5362280915545,-45.35122253995303,2015
0,-5.59457284220376,-47.002954852863596,2015
0,-2.379771934925228,-46.39039366062249,2015
0,-4.126096847253576,-42.83198715716824,2013
0,-3.2340697701228924,-51.10816586976139,2013
0,-15.744816900527056,-44.708477954165524,2015
0,-3.1257329468580783,-64.42308484250935,2015
0,-12.563433321817767,-62.68188032730049,2015
0,-18.618976652067467,-48.053714240698206,2015
0,-8.734993243957195,-69.42247889321973,2014
0,-14.201421410881304,-44.74405123941665,2013
0,-5.1275387259900205,-49.48958139083484,2015
0,-4.747551360807463,-37.49788083159494,2015
0,-3.0578203113786424,-52.17886785690346,2015
0,-8.098716528215338,-44.649728134584095,2013
0,-7.015348295567193,-62.0701276188151,2014
0,-9.709755158755287,-49.4599369864589,2012
0,-3.932869229639469,-51.7929516108457,2015
0,-8.162317250331,-63.092859569785176,2013
0,-11.596486749991515,-47.5982683916496,2015
0,-8.678938370228135,-66.64129477358568,2014
0,-20.44803640206322,-45.163654308628885,2013
0,-26.19554742138833,-52.69144655802205,2014
0,4.174605872596036,-60.90833646186331,2015
0,-9.86363656692496,-65.20408015052287,2014
0,-6.642367789600769,-55.48260197730982,2014
0,-4.323366883646226,-48.17013590152009,2014
0,-4.669936920259537,-59.60452165849225,2015
0,-2.488647747360514,-56.11321930676172,2013
0,-2.5986015381367435,-66.61353683130639,2014
0,-27.382132080181805,-50.65918789075846,2015
0,-7.930012917857691,-48.607525613357886,2014
0,-2.608303343205235,-48.06152958367004,2015
0,0.9837899834034952,-59.54604133349606,2013
0,-10.34225895030384,-57.704584832579464,2015
0,-3.4852387235627122,-61.74538664360588,2015
0,-3.1599587591830334,-49.274794206401864,2013
0,-4.091062551172917,-69.5394395432121,2015
0,-8.953553352583473,-51.68218933631377,2014
0,-4.581542696302175,-52.72001298405704,2014
0,-6.021991254387827,-46.00016550120098,2015
0,-7.091884757774178,-64.68287762267673,2015
0,-31.686769090154144,-54.36851136194479,2014
0,-9.038444146932768,-49.705716048194006,2015
0,-4.29372247927028,-48.00547470994098,2015
0,-5.9144629148787216,-47.732746189682295,2015
0,-22.934123950863995,-42.45065231905951,2015
0,2.680258397463212,-61.184837906315316,2014
0,-15.819736395222625,-57.4539548683101,2015
0,-18.667755171995157,-46.477170917068435,2014
0,-21.18052268473428,-46.945013517037886,2014
0,-14.500021411322635,-51.02004114038928,2013
0,-11.485993970044815,-59.069035917628604,2015
0,-1.4300730165540712,-53.01537904947556,2015
0,-30.762402662795157,-54.94603825810523,2015
0,-6.418956778440244,-55.049524178835796,2012
0,-9.059464724581163,-44.52010123908565,2014
0,-3.0341047878778875,-41.96044166851549,2015
0,-1.564281320001526,-52.73968608877928,2014
0,-1.9364533422122452,-52.070261539053405,2015
0,-3.8172560525732857,-52.696836449726774,2015
0,-5.850053709007351,-40.715376684725825,2015
0,-6.126016164288868,-50.35708446070907,2014
0,0.8115829434377835,-52.02390847039285,2015
0,-14.403003360637724,-39.692105744585284,2014
0,-12.51761924232767,-54.7474207487864,2015
0,-2.12860298148541,-51.13861875789305,2015
0,-9.108243244508856,-63.77144693540905,2015
0,-6.389042879479065,-57.47389746761756,2014
0,-14.938489101501371,-56.09246822369856,2015
0,-29.376122516341912,-54.25155071195242,2014
0,-3.71619558310984,-59.293794401715296,2014
0,-15.692804445576535,-56.15526046205853,2013
0,-3.1410941382165225,-60.39441028781854,2015
0,-30.580493817760953,-54.41863735479866,2015
0,-11.114360937004571,-51.59083067191882,2015
0,-3.236495221390016,-45.396767124857895,2015
0,-5.330737643257856,-43.90403661723649,2015
0,-14.37740137504032,-57.51054873120964,2013
0,-6.427850099753028,-44.27189672608343,2014
0,-6.275316164509532,-51.19278716952546,2014
0,-10.228262740749074,-64.13068321752846,2015
0,-23.679006984455906,-47.895251424579506,2015
0,-6.663118872663929,-39.12293318056715,2015
0,4.494765439856232,-60.93312996370501,2015
0,-2.6198916103703764,-55.528416056799905,2015
0,-1.139018864499345,-48.42858120876127,2015
0,-15.838062027018662,-56.83869873021665,2015
0,-11.187124475018251,-45.27953698028029,2015
0,-6.580114540411286,-69.84881932706286,2015
0,-9.499279887686082,-63.93880307284052,2015
0,-9.74829288444401,-51.833375798631096,2015
0,-2.8540824049403364,-44.365411347160276,2014
0,2.4261250035857986,-61.4079794228906,2013
0,-22.034551025346712,-55.37372616487453,2014
0,-8.668697575989174,-63.49764043680943,2015
0,-3.629957315834367,-55.458616959223825,2015
0,-13.191625200002553,-47.493165503407624,2014
0,-7.116947754201112,-34.947384076922795,2014
0,-12.58041148068763,-47.610665142570454,2015
0,-2.9564903473299617,-45.218900698602226,2010
0,-2.4134587580797104,-45.276303045257464,2013
0,-10.646518337035124,-38.86664383000785,2015
0,-16.774555710713262,-50.60097706034752,2015
0,-6.447253709890009,-46.763374166588925,2015
0,-3.2844652575619984,-54.75658356468442,2010
0,-1.01451236612038,-52.39958392221162,2015
0,-8.642287106636061,-66.67282564005828,2015
0,-14.73771563550066,-52.757472731404846,2015
0,1.5820679626270966,-60.552064620181504,2015
0,-0.3440098380535685,-48.483827598734635,2014
0,-14.260979714218431,-45.76624420121625,2015
0,-12.47557808703088,-60.18420451133457,2014
0,-12.745881156022445,-60.44723122652477,2015
0,-3.88597717180843,-60.40545956581321,2014
0,-8.46415118579516,-50.31315684331562,2015
0,-20.051879361766513,-45.30001856875822,2015
0,3.638042153391445,-51.76896659275972,2015
0,-1.9566654361049336,-44.865593297358025,2015
0,-6.5245986558527,-34.974333535446384,2015
0,-7.014809306396724,-50.07465413538189,2015
0,-8.117850643767085,-62.88966065251735,2015
0,-4.179187280545041,-48.801561714727704,2015
0,-13.323677546768119,-44.63436694322566,2015
0,-18.721654089042325,-54.38468103705893,2015
0,-12.000728627845302,-41.424955927651844,2015
0,-6.910514901910447,-35.571803030914275,2015
0,-17.561479899601967,-52.65533428360045,2013
0,-2.921725545834536,-65.88563195658435,2014
0,-13.522295056086946,-49.24299384534403,2014
0,-4.610378616922412,-48.4730478153252,2015
0,-3.029523379928878,-59.337452524523506,2015
0,-8.948971944634465,-50.87478355894714,2015
0,-10.9965918032565,-45.820143118263424,2015
0,-16.385405529632685,-46.30038246915372,2015
0,-3.4817352939546446,-43.27530574988123,2015
0,-3.9953919734141867,-45.32103914640662,2015
0,-18.330347951279858,-55.716253782709295,2014
0,-17.55905444833484,-42.375463329778704,2014
0,-0.2046811374866309,-49.18020160698409,2015
0,-25.64092756497294,-51.851162441256655,2012
0,-17.032192534198742,-42.92900520785315,2010
0,-2.5104768087646194,-47.009153228324024,2014
0,-7.6944746503615535,-45.69590611446969,2015
0,-10.379718697651628,-58.289118587956025,2015
0,-2.981822838342132,-57.555554326944026,2013
0,-4.2161080387223535,-48.176334276980505,2015
0,-15.843451918723376,-56.56947363956603,2015
0,-2.3803109240957,-48.58758301405044,2015
0,-21.950199220167885,-47.072214961269204,2015
0,-23.418136225947595,-46.48471676545505,2015
0,-14.492206068350791,-47.28646315653172,2014
0,-14.077992890843284,-57.86035270284578,2015
1,-12.327625559736395,-43.689518927388754,1995
1,-5.546333311446541,-39.127514588516156,2015
1,-14.349643432761027,-40.31948913901436,1991
1,-1.8453641724025247,-55.52464313260661,1985
1,-12.297172671604743,-55.86151136415143,1990
1,-4.863703527044118,-46.866860087319495,2014
1,-13.316670687551987,-57.195509561068924,1985
1,-28.232656991186172,-51.113555761466124,2002
1,-7.371620137248996,-47.74460395143267,1993
1,-20.11197665427411,-52.078346376610476,1988
1,-16.198645782064236,-57.55339837026214,2015
1,-19.377334414921158,-45.33208842440129,1985
1,-17.419995242353142,-56.484043856046256,2004
1,-18.04737863678221,-45.59188120456865,2009
1,-12.190183321266108,-48.26203355508552,2010
1,-20.286609145506944,-44.44841567941292,2015
1,-24.25060499974116,-50.93757579730711,2001
1,-14.827996321554673,-53.099191865483895,1989
1,-12.744533683096266,-52.12955034780529,2003
1,-29.816746163202527,-51.820709553125,1989
1,-12.56855371893725,-48.19627687628797,2006
1,-13.654616897437752,-58.56211660279995,1986
1,-18.083221416618578,-50.67670503879879,2008
1,-15.725682784975307,-44.47401766501032,2001
1,-6.633743962873222,-37.666045452782114,2015
1,-15.5076616655195,-57.32001605944789,1995
1,-1.7478071325471456,-53.74274493502713,1987
1,-17.44398026043913,-53.75864511555605,1986
1,-16.396185313042118,-51.127030490727904,1987
1,-15.240862026136005,-56.100822555840885,2013
1,-3.043537098361143,-54.553923636587065,2002
1,-15.254336755397794,-48.087131569267456,1998
1,-19.448750480008663,-54.98942688632821,1985
1,-14.42941382999084,-49.749643665587435,2007
1,-11.80911797774261,-42.47167289670791,2000
1,-17.074233689495536,-43.76309094915813,2002
1,-0.02735370040143792,-61.476970036710966,2007
1,-16.99015137890195,-51.61993608712429,1991
1,-7.852667971895001,-41.24439455554382,1986
1,-15.041436033061471,-48.248558825823714,1995
1,-5.017854429799027,-47.75592272401258,1987
1,-17.117891812303743,-46.39389709023056,2004
1,-14.2863122052306,-51.18119890236032,2014
1,-10.091628986034491,-68.02164603916374,2014
1,-5.776481687237962,-36.299977400221564,1995
1,-11.588401912434444,-57.46284818962289,1998
1,-15.034968163015806,-49.2419158670031,1990
1,-3.720507496473615,-51.588944209822166,2003
1,-19.938422141382212,-51.449885003840464,1993
1,-16.279494157634993,-47.27271893268469,1986
1,-26.968457891844764,-49.396066769757994,2015
1,-4.806840169559352,-46.05244745073674,2015
1,-16.0202403666381,-57.260996745281226,2009
1,-22.364951386845867,-50.98500684430861,1989
1,-21.886329003466987,-55.44675919747346,1985
1,-20.19767593237911,-46.529183372018956,1992
1,-10.212901549390631,-59.515049456193935,1985
1,-8.46927158291464,-49.540246372859194,1988
1,-8.853840356046208,-50.27973951474638,1994
1,-17.078815097444544,-55.80464800666667,2001
1,-21.020712395689415,-41.1902261439114,2001
1,-8.02379703351977,-55.35243609264089,1996
1,-13.147428088023872,-56.22101714085606,2010
1,-3.2642531636693084,-57.78327725146833,1988
1,-30.38430175970925,-51.603766412010145,2000
1,-4.912751541557042,-45.46548824409304,1992
1,-23.694907164984823,-47.350872362403095,2010
1,-6.929918512047428,-51.45662236847136,1991
1,-18.13011347444962,-54.4579835642431,1986
1,-6.677671580266667,-47.255201784644356,2012
1,-16.913884411280197,-45.60158300963714,2014
1,-6.9603714001790795,-46.26373120556164,2013
1,-3.0764154377599167,-59.35820360758667,2001
1,-10.761323030345595,-54.985923456720144,2012
1,-3.271529517470678,-43.172358818321136,2014
1,-22.028083155301047,-57.99321353336706,1992
1,-15.490953001234876,-51.41538969693028,1996
1,-4.8583136353394005,-50.778573992017954,2004
1,-7.308827898889041,-48.31485449379174,1989
1,-12.84936707675301,-49.773898178258676,1999
1,-12.594155704534655,-56.585104325509704,2000
1,-11.245065810843961,-57.34427057211912,1991
1,-13.557598846752846,-55.105040063394384,1993
1,-5.488122481035596,-47.690974528970735,1996
1,-12.38718386307352,-64.24494892166845,1987
1,-19.79828495705957,-44.1905093613422,1987
1,-7.973940535251137,-48.68379258097964,1986
1,-13.257112384214865,-43.395230840311186,1987
1,-6.9377338550192675,-52.3572732723296,2002
1,-11.429669601730518,-58.831341693450575,1993
1,-12.717853719157915,-49.514105398091296,2005
1,-8.84845046434149,-38.55268263820808,1987
1,-13.243907149538307,-43.214669468203155,1998
1,-16.24392087238386,-53.22854926639712,1996
1,-20.078559325704862,-54.74903771629782,1994
1,-28.87782702824081,-53.765112985601704,1993
1,-11.759261479473974,-45.21108535563039,1997
1,-11.905866533842277,-62.07982942388358,1996
1,-4.348699374658397,-47.54059655040915,2010
1,-4.258149194019148,-44.94320773790595,1990
1,-16.479728634465236,-48.42103536037467,2007
1,-15.758291629788847,-51.2404877111122,2011
1,-6.1597029874433495,-36.43903660620325,1989
1,-30.717666561646,-52.9714514320821,1988
1,-2.8786064121967985,-54.540448907325256,2011
1,-2.3406952200660287,-56.53282237597395,1989
1,-12.574482599812438,-62.11216877411189,2009
1,-10.563783499367716,-54.320271831187576,2014
1,-11.910986930961762,-58.65536172929156,1997
1,-14.644740003594288,-53.19486244324265,2000
1,-6.821581688782613,-41.25194040393042,1991
1,-8.29571707002275,-42.258502679786346,1987
1,-5.473030784262389,-39.511274877892035,2002
1,-25.472762943785767,-50.74731262013058,1986
1,-18.327383510842267,-41.08215881523183,2005
1,-2.3439291550888592,-54.29547832934586,1995
1,-12.761781336551357,-56.67161208737043,1997
1,-22.145313299878644,-46.99082759652798,2002
1,-2.2509535231824893,-56.048001617134645,2005
1,-15.819197406052153,-54.49059240905663,1989
1,-13.273012564743778,-52.715431576108045,1994
1,-16.88720444734185,-46.35832380497943,1992
1,-9.93720858869435,-36.65112884478389,1990
1,-4.4489513603661335,-47.003493842034075,1997
1,-18.585828818083453,-44.55756098643344,1989
1,-1.2996376372999157,-51.96381117788525,2000
1,-16.778328634906565,-53.27678879715434,1993
1,-9.008530247971589,-51.33588879428571,2002
1,-9.684153173157881,-66.44537221011922,2005
1,-15.43543711667629,-41.60309184849274,2006
1,-7.003490533816817,-50.27057669884836,1988
1,-12.368049747521772,-60.91022292395997,1993
1,-8.991282594516495,-48.75520864606713,1989
1,-6.625928619901383,-51.89455106947962,2000
1,-2.5463195886009884,-47.25789673049672,1994
1,-12.193417256288939,-52.55562128706318,2007
1,-15.240053542380295,-53.33715558424717,2014
1,-20.279871780876046,-52.5798757997344,2014
1,-1.502567059982515,-54.77976009901471,2006
1,-7.442497213166027,-42.76057109208074,1986
1,-14.233221771939135,-46.45857579068716,1986
1,-22.69454326458932,-47.550567850062855,1991
1,-29.303358978328234,-53.76969439355072,1989
1,-5.299476271370497,-44.039592393610114,2013
1,-2.4829883610705616,-56.59615360350438,2010
1,-16.65705607155043,-49.348096733586026,2005
1,-12.029564548465535,-47.264364600542386,2006
1,-8.186302268416991,-45.459828857803075,2011
1,-17.008477010697984,-50.620650165069726,1992
1,-12.037649386022615,-53.67968320208194,2003
1,-13.364640723723971,-48.41322001740284,1989
1,-15.916484951322296,-48.05236676777203,1997
1,-9.386092161887024,-51.80427038342562,2006
1,-5.152332227831717,-35.6095322728473,1999
1,-19.879133332630328,-45.14748463351472,2015
1,-27.526581177868227,-52.213363163813646,2009
1,-8.889413641297342,-71.2771406288129,2008
1,-7.759422845403392,-41.84240304018217,1997
1,-21.103986222527297,-52.62029998751978,1990
1,-12.487974837951727,-44.74674618526901,1998
1,-30.95185735621596,-54.098477787538464,2003
1,-6.203900099422032,-39.26630429991263,1999
1,-16.072522316173856,-57.923414435790974,1997
1,-29.98437179521924,-52.53460070941479,2013
1,-21.67800968907967,-54.58787995432678,2012
1,-11.572771226490762,-41.04200412203169,1999
1,-8.573296492815679,-38.60631206067002,1999
1,-9.778745772575665,-57.42970035563889,2009
1,-3.8153695904766365,-43.15187722984321,2012
1,-1.7122338472960117,-48.81880936818279,1993
1,-23.90484344688355,-54.35827056770583,1986
1,-6.496301724402937,-39.02537614071178,2012
1,-4.271084934110468,-59.424768770139934,2011
1,-13.253878449192033,-50.437124352524116,1992
1,-11.10600660486226,-56.959162809817066,1993
1,-5.5668148999244655,-47.17462290365885,2001
1,-3.3795968461502564,-64.56834242395148,1997
1,-6.960910389349551,-45.064210806676854,1997
1,-9.55479577224467,-40.3483250596346,1987
1,-10.564861477708657,-56.04854060630511,1994
1,-21.67666221615349,-56.55572941571901,2012
1,-10.219638914021528,-52.131436809901935,2004
1,-16.25443116120806,-58.98818754205785,2010
1,-12.265911299717386,-48.68190611888298,1987
1,-3.549378434848845,-38.89736621272474,1986
1,-28.866238761075675,-53.120212443132296,2009
1,-3.5253934167628533,-42.74494040613706,2004
1,-10.064140538340439,-44.64891965082839,2011
1,-7.938636744585239,-48.890764422440775,1987
1,-8.556857323116294,-35.654537868581684,2009
1,-1.959899371127764,-48.82419925988752,1988
1,-15.099377368887179,-42.15932867241955,2011
1,-22.587553914250684,-49.709219477802066,2011
1,-11.191436388382025,-40.77951639601197,1994
1,-3.164270672546807,-40.503014951559976,1991
1,-16.071983327003384,-56.45898085961933,1989
1,-14.008463287852432,-57.611339706087854,1988
1,-12.991121228587073,-53.967772913699065,2001
1,-2.9839787950240177,-53.118056486450406,2001
1,-12.946924116608393,-57.07827941649133,2003
1,-27.40854254953492,-51.97755540173228,1999
1,-15.221997405169493,-60.10470360869,1999
1,-0.5908668781296136,-52.072417495735294,2001
1,-27.25897305472902,-52.25863825413328,1999
1,-6.512740894102322,-51.91880558215085,1997
1,-11.32833963768184,-54.073414791111524,2006
1,-5.881854070065183,-51.650388975255936,2011
1,-14.76628206153566,-52.19476803743237,1998
1,-11.329956605193255,-49.692780308102684,2009
1,-15.212834589271472,-57.59543952555893,2004
1,-3.091507134533125,-59.565983932803526,1999
1,-3.9371811430032433,-54.768980315605276,2010
1,-6.777115082218697,-40.04217921080666,1986
1,-10.680744149360077,-39.34149328919344,1992
1,-1.6855538833576622,-53.38162219081109,2005
1,-14.131891807890456,-56.534169848900135,1987
1,-10.66699992551305,-54.117342408504975,2015
1,-19.771335498535983,-54.21786388879795,2005
1,0.16560442262743535,-51.57978139392415,2004
1,-15.665585492467713,-45.940876692449095,1995
1,-11.67167573927232,-57.592205590536096,1995
1,-13.407759857361707,-41.385609718207405,2001
1,-9.753682776148732,-62.94625451541686,1998
1,-29.704636415744414,-51.84900648457477,2003
1,-7.873688549543397,-41.088087696107024,1986
1,-12.94045624656273,-43.83019510088186,1997
1,-11.119211839538815,-45.229410987426434,2009
1,-25.328044351514112,-50.32986550760025,1998
1,-10.039077541913503,-59.05960360714535,1998
1,-13.674020507574735,-55.9439767072336,1987
1,-18.05115156097552,-57.1855382614152,2000
1,-20.579819254243557,-43.39630881865213,1989
1,-15.869862388076491,-57.43805468778119,1997
1,-10.370286387168369,-53.95861009780106,2005
1,-1.8270385406064864,-48.561711533867786,2009
1,-12.142213285094126,-55.68822634584478,1999
1,-13.980166356402664,-40.47471802011021,1986
1,0.3677253615543279,-63.6162180543132,2014
1,-15.934002099362626,-42.729309720193385,1989
1,-5.197337823566109,-50.724136085800296,1996
1,-27.950496160444228,-51.56954059968518,1987
1,-20.296580445160668,-42.76003210291027,2000
1,-15.070271953681708,-54.79080937700938,2002
1,-10.909814546810555,-43.874392212860535,2012
1,-11.306510576277736,-41.10290989829499,1985
1,-13.874793973575445,-46.44537055601061,1991
1,-6.396858222450905,-40.387401774493796,1990
1,-4.764260025092086,-44.69123030071041,2013
1,-10.268417433949217,-37.41460700475706,2009
1,-13.913601193849411,-60.09958321157051,2003
1,-2.117284208905505,-48.52559925944618,1987
1,-1.845633666987761,-53.878300711400776,2004
1,-23.17235716421249,-44.96773174516241,2000
1,-10.470538372876108,-44.095377772753935,2000
1,-18.772319071066665,-42.65412073091258,1991
1,-22.32317972613431,-54.874083203847256,1989
1,-22.03778496036954,-55.29961515393467,1985
1,-14.591380075717588,-59.56706191114446,2009
1,-8.381955337298223,-41.73217975482072,2004
1,-15.655883687399221,-42.95514618262104,1998
1,-3.861453164551967,-57.170985553812464,2008
1,-7.832994867172784,-55.506317500810574,2009
1,-1.7289425115806347,-55.15381858332208,2014
1,-21.13713405651131,-43.52458824122439,2007
1,-21.96960283030486,-48.70669962072468,1985
1,-21.17890571722286,-56.01970468568489,1985
1,-3.1712775317629385,-58.92512580911264,1999
1,-21.453520699578203,-57.72210198061978,1996
1,-5.417784394289037,-35.69577054012277,1994
1,-1.9251345696323383,-47.99307795902013,2008
1,-11.03297357226334,-44.0972642348506,1987
1,-13.459233323141756,-42.591867481723106,1989
1,-19.88128928931221,-40.301971990974025,1997
1,-11.239675919139245,-44.76318535496839,2015
1,-13.670786572551904,-43.440505930630806,2009
1,-4.4591921546050965,-50.31100088663374,1998
1,-21.66884687318165,-56.831961365585755,2008
1,1.611442872417805,-50.382147457136,2008
1,-3.288507676340536,-57.92422291954668,2009
1,-10.0848916214036,-36.711226137291476,2006
1,-25.323732438150333,-50.584268396062896,1990
1,-8.173905517496141,-36.36196115482581,1992
1,-10.42175985294842,-37.49464689657211,1992
1,-18.11771672352877,-54.28281208383979,2001
1,-10.171668877849543,-42.526919286681256,2000
1,-16.283267081828292,-57.408140788820006,1994
1,-17.580075025983238,-46.31277922007457,2012
1,-10.148222848934026,-55.13037255440657,1993
1,-4.4414055119795295,-44.80064510231618,2005
1,-9.612737108070377,-62.32884242064153,2004
1,-13.504777908046615,-48.41860990910755,1989
1,-15.824587297756867,-58.24519097056258,1986
1,-16.185710041972914,-55.656695479372175,2011
1,-6.734265443166198,-40.91426368862989,1999
1,-5.702101181712867,-36.38486819457085,2003
1,-6.531336020483597,-50.12154619321293,1998
1,-19.726329902801602,-48.53098915115089,1987
1,-18.42844398030571,-44.501506112704384,1999
1,-0.8280221131371669,-49.302013159510686,1987
1,-16.366271414080938,-53.0126841036232,1989
1,-2.016493234027293,-47.18567218165351,2009
1,-22.271167271183792,-55.21229890831826,2002
1,-9.368575013846689,-59.149075809443644,2006
1,-12.365893790839886,-38.34921422635501,2001
1,-28.230231539919053,-50.34684366647011,2005
1,-16.805817082600626,-50.680747457577326,1994
1,-7.875305517054813,-72.96821915116789,2008
1,-15.970114373784229,-45.24531116795534,2005
1,-4.705240710925434,-47.60042434833149,2007
1,-9.397680429052166,-62.59052166290553,1990
1,-18.25435047824335,-50.679399984651155,2002
1,-17.31273639742927,-47.43872759718998,1987
1,-18.145474665808067,-45.115414777871656,2007
1,-4.078396305666831,-46.282326331942905,2006
1,-21.029336222416962,-51.856013343790906,1990
1,1.6392008146970982,-50.94107922691517,1991
1,-11.7120999270577,-57.95790974270116,1985
1,-5.252853708124694,-44.69527271948896,2009
1,-9.896514906323734,-46.72860936509349,1997
1,-1.7057659772503522,-47.70741369867012,2007
1,-17.7541685280456,-42.699665315817434,2014
1,-16.86187195632968,-48.28547958400104,1988
1,-8.212443243184866,-46.01633517631512,1998
1,-3.9751798795214985,-50.4031680347844,1989
1,-31.397331905610837,-52.083466773729974,1998
1,-17.647718166877436,-54.25316767946384,2015
1,-16.64385083687387,-48.50942958433204,2013
1,-1.6917522588180869,-47.005380304130725,2002
1,-1.2209452184110452,-52.04924096140501,1988
1,-9.498201909345138,-51.204644931275844,2011
1,-15.299342351132186,-60.349943681254615,2007
1,-1.0102004527566055,-47.450585358940366,2015
1,-28.496222695546837,-54.977838619163066,2012
1,-7.615782231472683,-35.203134438311615,1987
1,-11.883228988682468,-56.130466960216815,1997
1,-10.728175196361589,-54.49732977368753,2003
1,-9.4265163496724,-49.86283139138651,2001
1,-7.643001184581505,-41.152227407393156,1990
1,-11.851967616795108,-48.50026676843402,2009
1,-17.575493618034226,-47.331468752266105,1993
1,-4.962608039825676,-49.38879041595664,2002
1,-25.12861835843957,-48.87890666069039,1990
1,-13.593980615759685,-47.33227723602182,1995
1,-3.655828796017009,-52.05813428271779,2013
1,-9.659090176730944,-42.58081820372843,2007
1,-3.8002778937034285,-50.49398771000888,1987
1,-9.581206241597783,-67.49909603839143,2012
1,-7.2271710395625774,-37.746085344597155,2007
1,-1.8289250027031383,-58.46806299255263,2013
1,-9.287187649105464,-48.21702795935113,2005
1,-13.681566355961337,-45.60589492300092,1993
1,-7.041489270335072,-50.844330670815495,1997
1,-23.91750969238964,-48.52236532442336,1986
1,-15.5715318822204,-56.84489710567708,1995
1,-4.00428529472697,-41.600396902640384,1993
1,-4.1344511793958905,-50.61013987624554,2009
1,-20.07748134736392,-55.75721695966516,1997
1,-9.843154978447037,-54.98242002711208,2008
1,-16.02077935580857,-43.78033860261323,2015
1,-20.917495969544078,-50.660804858269884,1990
1,-29.568811144785553,-55.390704323744394,2010
1,-7.752954975357734,-55.3667193056584,1997
1,-1.9019580353020544,-53.428783743227356,2003
1,-7.150095588185122,-50.72359709662983,1994
1,-18.785254811157987,-47.36434709166489,2004
1,-17.963565820773862,-43.634542032000624,1998
1,-16.791803364168356,-52.345146015993976,2000
1,-15.60926112415342,-46.27262452687442,2008
1,-20.935821601340123,-41.59770195678802,1993
1,-6.251870135594014,-46.38715972559967,2000
1,-21.109106619646774,-45.47707651125818,1996
1,-7.219086202005503,-42.17307289626658,2009
1,-16.312641991619007,-48.830397635347936,1987
1,-6.9679172485656835,-37.42053588563225,1999
1,0.8724887197010869,-59.997714258351365,2000
1,-30.95293533455691,-54.70349313139297,1987
1,-6.133562012675473,-61.770449640032815,2000
1,-10.747039817328098,-58.95611768641478,2003
1,-7.303976996354798,-49.98275648181647,1991
1,-8.655761835897852,-38.35244816137784,2012
1,-6.298762193425052,-44.16490737574479,2015
1,-10.825193247046498,-62.89505054422205,2004
1,-4.295608941366932,-46.261844743465,2010
1,-15.146269426718217,-59.511815521171116,1987
1,-21.889293443904577,-42.51021062239664,2001
1,-1.891447746477856,-47.04095358938186,1998
1,-4.050638363387539,-45.38598734144846,1996
1,-9.770930429603826,-57.06561317098525,1998
1,-17.035695963806806,-47.31233463671436,1996
1,-5.545255333105597,-47.82383535949202,2007
1,-13.994719064005404,-49.03790846597955,2005
1,-6.9832784399241286,-55.357017500589905,1993
1,-10.636277542796162,-52.51088518591403,1993
1,-13.789633684640913,-59.86215848197772,2005
1,-16.977485133395867,-40.01307379560119,1989
1,0.5636479250207955,-50.051477601051594,2004
1,-14.739602097597311,-47.30640575583918,2002
1,-14.814791086878113,-50.28998030898535,2012
1,-4.058453706359377,-40.0138822793569,2011
1,-13.863744695580776,-49.058390054457476,1997
1,-16.758116541013877,-44.87691206993792,2003
1,-13.712288738678224,-45.56978264857931,1996
1,-11.129722128363014,-62.44203014644057,2001
1,-2.4336708519724004,-48.27146586556877,1986
1,-1.116381319339533,-52.0274119000009,2011
1,-19.232615822649514,-54.25370666863432,1991
1,-17.372833689936865,-53.492923454513495,2004
1,1.0527805972238748,-60.2550815872516,1987
1,-12.98546184229712,-44.09672524568011,2009
1,-15.119050473609395,-50.15469402719694,1993
1,-13.49292014629624,-49.72781460418334,2002
1,-14.688667620987733,-46.64883896786368,1993
1,-5.550914719395551,-44.43386297181018,1999
1,-8.359317792138409,-50.942426699841356,2005
1,-18.843735136154173,-53.89689583778204,1985
1,-12.200154620919836,-61.45594945906257,2002
1,-29.770123599956733,-52.33733067302214,2011
1,-1.8079044250547411,-45.07040918213727,2009
1,-20.765770518056296,-43.156189143206994,2003
1,-9.300931872952493,-51.46012579807943,2002
1,-11.69134884399454,-55.719218223146896,2002
1,-4.295608941366932,-47.6516283195263,2000
1,-16.59210787650859,-48.00170178574768,2008
1,-20.616740012420863,-52.39958392221162,1989
1,-9.780093245501844,-57.57846136668907,2002
1,-5.089539989471764,-45.816909183240604,2007
1,-26.22923424454282,-51.60592236869203,1999
1,-28.5064634897858,-50.83166442530941,2001
1,-3.4267583985665317,-53.43174818366495,1999
1,-6.111193962100897,-44.915988784797115,1997
1,-15.918101918833711,-52.79978338128687,2003
1,-3.988385114198056,-46.057567847856205,2013
1,-17.514857336356158,-47.4734923986854,1992
1,-9.968200465996473,-57.37687941693265,1990
1,-11.643378807822556,-52.675815872078374,1985
1,-20.403569795499305,-53.324489338741074,2010
1,-26.715941465478767,-52.50630377796502,1997
1,-0.34993871892875816,-63.29578899246778,1998
1,-12.86984866523094,-51.82124854229548,1986
1,-6.209559485711983,-53.13772959117263,2010
1,-8.095213098607273,-42.216731019074786,2009
1,-4.383194681568585,-50.086242402547036,1991
1,-10.46137555697809,-54.40570161470735,2013
1,-14.726935852091223,-49.262127960895775,2004
1,-4.1519683274362205,-50.34953861232246,2005
1,-14.408662746927678,-60.36287942134594,1991
1,-16.166306431835935,-53.802842227534725,1987
1,-22.66543784938385,-54.17070233638167,1995
1,-19.149611490396865,-48.769761353669864,1994
1,-12.529746498663284,-60.313292417662545,2012
1,-6.781965984752943,-51.80049745923232,1987
1,-1.3516500922504369,-59.63308808452725,1989
1,-18.026627553719045,-50.77587904616559,1989
1,-3.447239987044456,-59.28058916703875,2006
1,-31.329419270131396,-53.512866053820936,2010
1,-5.59457284220376,-48.283593121904396,2012
1,-14.81425209770764,-50.08219998376849,2003
1,-9.40765172870589,-57.94739945387696,2005
1,-18.943178638106197,-51.061543306515595,1988
1,-18.875804991797235,-47.93540611777966,2007
1,-12.290974296144322,-53.049065872630045,1985
1,-17.80618098299612,-44.08890990270828,2013
1,-1.8359318619192695,-47.88258517907343,2001
1,-1.9127378187114887,-44.522526690352784,2015
1,-4.560791613239013,-45.09493318939373,1998
1,-5.313489989802762,-45.96108878634178,2003
1,-27.200492729732836,-52.701956846846244,2004
1,-8.973765446476165,-49.01958283418351,1985
1,-10.30722465422318,-58.5295077579864,2002
1,-8.075270499299819,-50.99659511147375,1998
1,-20.442377015773264,-47.151446369328546,1985
1,-3.767669048889888,-46.39254961730438,2002
1,-8.752510391997525,-63.53078827079344,1986
1,-18.567503186287414,-49.157294567239035,1987
1,-8.334254795711479,-54.943343312252864,2001
1,-12.942881697829854,-41.690138599523934,2010
1,-21.83350806476076,-52.65183085399239,1988
1,-24.042285685353843,-51.29519511191507,2009
1,-11.509978988130806,-56.02725053407149,2003
1,-9.043295049467016,-35.894657544026835,1986
1,-5.707491073417582,-41.03526675740079,1993
1,-17.57738008013088,-50.78989276459785,1993
1,-14.39168458805782,-46.690880123160476,1987
1,-8.420762557572186,-39.68994978790339,1991
1,-8.723943965962523,-36.98988353842535,2007
1,-4.361904609334951,-61.844021661802216,1997
1,-31.970546888407497,-53.395905403828586,1991
1,-2.4487625487456084,-57.218416600813974,2003
1,-4.7135950430677465,-45.60023553671097,2010
1,2.6433376392859,-61.28670685953446,2012
1,-8.64282609580653,-38.15140520079189,2009
1,-4.534920133056372,-47.44600395099135,1987
1,-13.994180074834931,-50.602594027858935,2002
1,-18.371041633650478,-43.440775425216046,2009
1,-4.227157316717022,-55.11042995509911,1990
1,-2.0701226564892297,-55.300154143105146,1986
1,-17.021682245374542,-48.919600343061006,2014
1,-31.51240609350654,-52.30768626864619,2012
1,-14.993465996889489,-49.97143770923657,1991
1,-8.891300103393991,-38.547023251918134,1989
1,-6.615148836491947,-48.51023806808775,2006
1,-12.158652454793515,-40.938518201301115,1986
1,-22.133725032713503,-42.712601055908756,1996
1,-14.710766176977074,-43.58872795251053,2004
1,-19.314003187390735,-44.73300196142198,1985
1,-3.9258623704233364,-61.39962509074828,1992
1,-10.216674473583932,-61.434120397658475,1997
1,-9.926967794455386,-63.44697545478508,2006
1,-12.82430408032608,-42.909601597716176,2015
1,-17.124898671519876,-55.065963348535185,2005
1,-26.803527205680428,-51.88538825358161,1995
1,-13.604490904583885,-57.8619696703572,2008
1,-9.01499811801725,-50.53656785447615,1986
1,-9.861480610243074,-47.51310810271507,2002
1,-7.045262194528373,-49.88304348527921,2012
1,-1.7920042445258249,-47.32365340929426,2015
1,-6.770108223002565,-38.575859172538365,2015
1,-10.215596495242988,-38.62329021953988,1992
1,-24.933234784143576,-52.62083897669025,2003
1,-6.531066525898361,-51.97593843422085,1988
1,-30.863732626843834,-54.6881319400345,2005
1,-28.73337793055439,-52.271304499639356,2006
1,-23.31033839185325,-45.67219059096893,2008
1,-8.720979525524927,-39.43770285612264,2001
1,-10.917629889782393,-48.95167019870408,1997
1,-11.725574656319491,-57.81777255837852,1991
1,-6.6129928798100615,-47.417168030371116,2009
1,-5.203805693611766,-50.371637168311814,1997
1,-5.0987028053697845,-45.51211080733885,2012
1,-5.408891072976254,-50.37190666289705,2005
1,-9.76149811912057,-50.341453774765384,2000
1,-25.452281355307843,-50.36247435241378,2008
1,-19.242048133132762,-52.34891894018728,1998
1,-7.143897212724697,-36.82252740099389,1987
1,-4.38481164908,-55.78793934238205,2004
1,-5.230216162964882,-50.29698716820147,1997
1,-8.164473207012888,-44.49045683470969,1991
1,-30.585075225709964,-52.39581099801832,1990
1,-16.58078910392868,-39.777805022690295,1989
1,-31.599183349952487,-51.470097097733145,2002
1,-15.616537477954786,-41.72328643350794,1992
1,-4.546777894806749,-46.494957559694,2009
1,-12.453210036456303,-41.640012606670055,2000
1,-10.665382958001633,-70.14122095204375,2006
1,-18.421437121089586,-43.06671694090868,1987
1,-10.181640177503274,-59.84571931227835,1998
1,-7.486155335974237,-38.014232456906846,1986
1,-16.4260992120033,-52.71192814649998,1996
1,-2.723916520271417,-48.02137489046989,1998
1,-11.376040179268587,-52.41467561898483,1997
1,-14.606202277905565,-45.760045825755824,2003
1,-28.461727388636646,-49.37477669752437,2011
1,-14.226214912723005,-40.808621811217435,1995
1,-19.19623405364267,-48.245324890800894,1997
1,-23.619987670289248,-48.30461369955278,2008
1,-12.502797040139699,-43.86522939696252,2014
1,-12.199076642578893,-48.07985521546608,1990
1,-9.157291259021783,-65.57598267814835,2015
1,-4.91490749823893,-48.668970378791656,1995
1,-21.90115120565496,-43.295787338359155,2014
1,-14.975140365093448,-43.19337939596954,2004
1,-30.40882576696571,-53.84542237200199,2008
1,-7.022085660198091,-40.18770628683403,1990
1,-9.543207505079526,-70.31908737829943,1993
1,-12.532171949930413,-47.34278752484602,1990
1,-7.951841979261796,-35.627588410058095,2009
1,-14.770593974899436,-40.29685159385455,2004
1,-15.429508235801102,-41.415523617168596,2010
1,-8.579494868276104,-48.15935611811066,2009
1,-6.221686742047597,-46.136529761330316,1996
1,-2.094646663745693,-48.54688933167982,2003
1,-14.885668162795145,-43.24215791589722,2012
1,-15.64618188233073,-40.7196885980896,2000
1,-10.48239613462649,-50.98392886596768,2005
1,-5.004649195122468,-49.2494617153897,1994
1,-20.715375030617192,-52.8631146088173,1990
1,-10.534947578747476,-44.93862632995693,2009
1,-19.238275208939463,-56.5481835673324,2012
1,-7.778287466369903,-51.130264425750745,2004
1,-13.97396798094224,-52.33436623258454,1994
1,-9.028203352693806,-44.597176690463115,2003
1,0.7754706690161788,-59.75112671286055,2003
1,-6.355625550909817,-35.21337523255059,1992
1,-27.707412044561487,-48.81018554145526,1998
1,-6.745314721160866,-55.29611172432661,2014
1,-9.86498403985114,-40.27556152162092,1990
1,-13.380540904252884,-59.260646567731285,1992
1,0.4736367335520191,-65.48273755165674,2007
1,-10.968564366391972,-41.327668382381695,2014
1,-8.909895229775266,-48.02191387964037,1997
1,-5.621791795312581,-53.85970558501949,2007
1,0.6884239179849967,-60.33862490867472,2004
1,-15.806800655131301,-55.67879403536152,2010
1,-4.657001180168215,-50.40451550771058,2006
1,-6.634282952043693,-49.97601911718557,1992
1,-17.034078996295392,-53.0983833817282,1990
1,-17.486021415735927,-47.48535016043578,2002
1,-17.20413007957922,-49.44646225719711,1997
1,-22.650615647195874,-52.171052513931606,1986
1,-10.393462921498653,-63.304412819195306,1995
1,-6.370717247683027,-45.88104889452673,2011
1,-8.616415626453417,-66.72537708417927,2009
1,-9.829949743770477,-40.2063014132153,1993
1,-3.5024863770178056,-47.093774528088076,1996
1,-10.11803945538761,-51.26635919129485,1985
1,-8.098716528215338,-50.730873450431204,1994
1,-0.8856939543776408,-52.45132688257691,2007
1,-13.621469063453741,-41.71547109053609,2004
1,-6.061067969247026,-47.9680149625932,2015
1,-19.122123042702807,-43.86253445111015,1994
1,-9.189091620079612,-64.35975361497893,1986
1,-27.25331366843907,-53.499391324559156,1997
1,-1.7254390819725698,-55.858277429128606,2003
1,-32.19449688873849,-52.57556388637063,1986
1,-5.337475007888753,-38.99761819843248,2007
1,-5.2482723001756835,-42.34932235501083,1993
1,-16.12507376029485,-57.6455655184128,1990
1,-7.685850823634005,-51.32457002170579,2015
1,-9.922386386506377,-51.32052760292726,2005
1,-22.532577018862572,-51.36364673656499,1988
1,-2.7131367368619825,-51.68084186338759,2008
1,-20.32379939826949,-45.01974420011293,1989
1,-2.532575364753959,-55.3335714716744,1999
1,-10.023985845140297,-40.463938236700784,1990
1,-21.27430680039636,-54.563086452485074,1989
1,-10.346570863667617,-39.90554545609209,2001
1,-13.700161482342613,-41.10344888746546,1996
1,-13.263580254260527,-43.678469649394074,1997
1,-3.4138226584752087,-68.59593900030136,1991
1,-10.018595953435579,-48.68675702141723,2003
1,-11.242640359576841,-41.137674699790416,2009
1,-13.796910038442284,-51.89859348825817,1988
1,-5.6724567773369206,-40.80511838160937,2009
1,-17.430236036592106,-44.006714054211336,1988
1,-7.4891197764118305,-45.50645142104889,1990
1,-17.590585314807438,-46.417612613731315,2008
1,-4.119898471793154,-50.78288590538172,2008
1,-8.602132413435918,-54.86357291502306,2008
1,-5.553070676077438,-49.332196553057095,1998
1,-19.45872177966239,-47.37458788590384,1990
1,-3.3475269905071885,-39.93141693627472,1996
1,-15.647798849842149,-59.34553736208058,1990
1,-31.65011782656207,-52.997592406849996,2008
1,-8.169593604132366,-55.58366244677326,2003
1,-15.55536220710625,-39.069842747275686,2003
1,-16.243381883213388,-49.57016027182036,2011
1,-15.513590546394687,-55.16756280716911,1988
1,-0.8083490084149494,-64.05118231488387,1989
1,-1.4691497314132702,-49.71568734784773,2015
1,-4.126096847253576,-39.696148163363816,1999
1,-11.799685667259354,-56.67161208737043,1992
1,-24.169217634999928,-48.50646514389445,2013
1,-12.391226281852054,-45.36011586126581,2013
1,-11.101425196913247,-57.125710463492844,1994
1,-17.18095354524893,-44.544894740927354,1990
1,-13.805803359755068,-39.889106286392696,1996
1,-15.758291629788847,-57.379304868199775,2011
1,-30.27246150683636,-51.735010275019995,1987
1,-9.188283136323903,-51.702131935621225,2004
1,-7.054425010426392,-59.3891954848888,2013
1,-20.470134958052558,-49.7561115356331,2012
1,-9.74829288444401,-57.209523279501184,1994
1,-1.8203011759755912,-46.78924564677156,2005
1,-19.198390010324555,-52.57933681056394,2002
1,-11.564147399763215,-41.86719654202388,1992
1,-15.246251917840722,-54.33159060376748,1987
1,-10.194845412179827,-55.367797283999344,1996
1,-10.623611297290076,-39.82334960759515,1994
1,-32.99543479605946,-52.5798757997344,2015
1,-14.230257331501539,-53.920611361282795,1988
1,-19.465728638878524,-52.40739926518346,1987
1,-21.55835409323495,-56.156607934984685,1986
1,-9.444302992297967,-49.66475287123814,1996
1,-14.711844155318015,-47.514994564811715,2000
1,-12.311455884622244,-48.545541858753644,2005
1,-14.956275744126938,-41.80575177659011,1998
1,-5.841429882279804,-44.48479744841976,2010
1,-13.397249568537509,-48.15019330221264,1994
1,-7.147400642332765,-39.27627559956636,1985
1,-19.11215174304908,-45.202731023488084,2001
1,-4.333877172470424,-50.003507564879634,2001
1,-4.176761829277919,-45.146676149759024,2014
1,-5.153140711587427,-48.157200161428776,1989
1,-10.167626459071004,-62.22939891868948,1990
1,-16.134775565363338,-45.13966929054288,2011
1,-12.66826671547452,-61.12474061380771,1990
1,-18.593913655640527,-51.43721875833438,2005
1,-15.124170870728882,-54.165851433847415,1999
1,-3.2815008171244036,-39.58484689966141,2003
1,-25.999085868751393,-52.891411540267065,1989
1,-25.65359381047902,-50.692066230157245,2011
1,-4.378613273619576,-37.98108462292283,1996
1,-14.984842170161938,-57.63990613212285,2000
1,-30.79824544263153,-52.52651587185771,2004
1,-12.011238916669502,-61.1554629965246,1987
1,-18.217968709236512,-39.758131917968065,1986
1,-14.556345779636926,-53.87910919515648,1988
1,-1.3877623666720416,-54.05481966473025,2015
1,-15.405523217715109,-57.937158659638,2015
1,-7.411505335863903,-38.19856675320817,2002
1,-14.91342610507444,-52.865809554669646,1991
1,-7.418781689665272,-37.61915339495108,1999
1,-16.902835133285528,-48.80749059560289,1993
1,-15.758561124374086,-59.12643826428385,1998
1,-3.632652261686725,-51.91557164712802,2001
1,-9.195289995540037,-67.23822527988311,1998
1,-26.57876872159372,-49.02605070422917,2010
1,-11.745517255626948,-56.249853061476294,2004
1,-16.133697587022397,-48.31862741798505,1988
1,2.828210924757697,-60.09284584693961,1998
1,-11.134303536312025,-46.43755521303877,1995
1,-1.602010561934546,-54.05832309433832,1995
1,-10.948621767084518,-42.10435177703143,1995
1,-19.46411167136711,-55.21149042456255,1988
1,-11.172032778245043,-62.43340631971303,2002
1,-17.155621054236764,-45.90961532056173,1996
1,-6.842602266431012,-47.04984691069464,2007
1,-14.444775021349285,-44.71144239460311,1994
1,-20.936899579681068,-48.296798356580936,1992
1,-10.302373751688933,-43.339714955752605,1993
1,-18.43221690449901,-43.14594834896802,1997
1,-10.107798661148648,-62.18008140959133,1997
1,-15.69388242391748,-53.75298572926609,2008
1,-12.386105884732572,-51.62236153839142,1993
1,-10.227184762408127,-63.57471588818689,2015
1,-20.49681492199091,-57.671975987765926,1998
1,-15.149772856326285,-45.584874345352524,1994
1,-12.902727004629714,-49.00961153452978,1990
1,-2.546589083186224,-48.50403969262732,1996
1,-3.2728769903968566,-51.1585613572005,2010
1,-14.8951004732784,-54.762242950974375,2001
1,-5.318879881507479,-46.785472722578255,2004
1,-18.905718890758415,-54.54395233693333,2006
1,-12.417636751205173,-46.58227380531042,1993
1,-10.766173932879843,-56.29836208681876,2008
1,-22.71340788555583,-42.4107671204446,1989
1,-9.307399742998154,-54.15561063960846,2005
1,-12.712733322038435,-53.57538879759565,1994
1,-3.913196124917252,-53.50289475416722,2006
1,0.10308167885271667,-68.89885091410646,1996
1,-21.51200102457438,-55.23358898055189,1997
1,-31.34855338568314,-52.635930673463456,2002
1,-18.68096040667171,-53.211840602112495,1996
1,-3.7514993737757374,-58.40068934624368,2013
1,-9.579050284915894,-70.55624261330698,1997
1,-16.96589686623072,-44.617927773526276,1996
1,-8.503227900654359,-38.5677743349813,2002
1,-7.2010300647947005,-36.1296568223525,2002
1,-14.049965453978755,-42.3355781311638,2015
1,-15.184268163236474,-44.19320430719457,1985
1,-28.240202839572767,-55.625434107484814,2001
1,-22.393787307466106,-49.3262676721819,2015
1,-12.365624296254651,-38.506060074962285,1988
1,-4.655923201827272,-45.475998532917224,1998
1,-6.7062380063016676,-42.93466459414311,1997
1,-2.130219948996825,-45.26094185389902,2001
1,-13.093798665561936,-57.68652869536865,1996
1,-8.958673749702957,-38.9429107976296,1986
1,-12.089931335558367,-44.963689326383864,1998
1,-18.442996687908447,-44.51471134738093,1985
1,-12.9762990263991,-55.338691868793866,2001
1,2.660046303570523,-60.6113534289334,2015
1,-29.735089303876066,-52.39069060089885,2015
1,-17.174485675203268,-55.35054963054425,1998
1,-17.083935494564024,-42.65843264427636,1996
1,-1.2864324026233591,-49.44053337632192,1985
1,-13.396441084781802,-41.50364834654072,2010
1,-15.691456972650355,-55.32602562328779,1988
1,-9.854473751026939,-49.20795954926338,2002
1,-5.795346308204472,-44.20048066099592,1995
1,-13.332570868080904,-52.73429619707456,1988
1,-20.579819254243557,-45.52558553660064,1997
1,-6.716748295125865,-36.171428483064055,2014
1,-7.866681690327264,-50.077349081234246,1986
1,-5.042378437055488,-42.44148950316149,1998
1,-9.614084580996556,-66.4992711271664,1994
1,-13.844880074614267,-53.64734385185363,1992
1,-14.726127368335517,-57.58600721507568,2002
1,-21.2753847787373,-51.880537351047366,2005
1,-20.61781799076181,-52.350535907698706,1991
1,-21.940227920514157,-56.90229945233232,2002
1,-2.8274024410019853,-42.447687878621906,1997
1,-13.768343612407286,-57.230543857149584,1985
1,-9.350249382050652,-51.86302020300703,2004
1,-3.887324644734609,-40.41192578175026,2003
1,-10.884212561213147,-40.157253398702366,1988
1,-9.686309129839767,-36.10540230968128,2005
1,-3.2723380012263847,-39.68994978790339,1999
1,-9.400105880319286,-39.767294733866095,2005
1,-10.191072487986522,-42.47248138046361,2011
1,-29.957152842110414,-56.801777972039325,2014
1,-13.311550290432509,-55.2494891610808,2002
1,-9.924542343188262,-38.84777920904135,1996
1,-15.995716359381635,-44.085406473100214,2000
1,-8.196004073485483,-39.78642884941783,2008
1,-9.940173029131943,-67.44923954012279,1995
1,-18.98414181506205,-54.33913645215407,1992
1,-19.431772321138805,-52.82592435605474,1997
1,-14.821258956923776,-41.17405646879726,1996
1,-10.297522849154687,-37.80106223998528,2014
1,-15.505236214252376,-52.62515089005404,1997
1,-26.23165969580993,-53.52714926683846,2014
1,-19.86997051673231,-40.65231495178064,1988
1,-7.239028801312956,-72.3219711357723,1987
1,-6.9226421582460596,-49.328423628863796,1993
1,-8.682711294421438,-46.24513607918036,2012
1,-11.122445774561644,-51.090109732550594,2010
1,-20.69327647462785,-45.30406098753676,1986
1,-31.072860424986853,-52.57960630514918,1998
1,-6.753669053303177,-50.45464150056445,1999
1,-3.557463272405921,-51.358795834030744,2011
1,-13.344967619001752,-58.850475809002326,2015
1,-3.65178637723847,-45.52127362323686,1986
1,-18.73027791576987,-40.058079391335575,1986
1,-22.703975575072576,-49.738594387592784,1986
1,-14.675192891725944,-43.02602325853807,1995
1,-29.243800674991103,-52.9337221901491,1996
1,0.5383154340086254,-53.34712688390089,1988
1,-29.58686728199635,-51.48707525660301,1995
1,-5.557382589441213,-51.48842272952919,2011
1,-12.417906245790407,-55.87714205009512,1994
1,-13.943784587395825,-55.32602562328779,1985
1,-1.0244836657741059,-64.66859440965922,1999
1,-5.770283311777537,-51.19871605040065,2013
1,-22.701280629220214,-53.606111180312546,1991
1,-27.466214390775388,-52.92698482551819,2007
1,-7.937019777073824,-41.972838419436336,2008
1,-13.19755408087774,-42.323989863998655,2000
1,-13.376228990889116,-58.86934042996882,1986
1,-3.7372161607582384,-41.07407397767476,2011
1,-15.718945420344411,-55.1532795941516,1991
1,-8.964602630578145,-47.34925539489167,1999
1,-11.646612742845385,-51.863559192177505,1993
1,-13.668091626699546,-59.25229223558898,1986
1,-18.761539287657236,-45.88131838911197,1990
1,-14.720467982045564,-57.02060757525086,2010
1,-12.330859494759224,-46.25861080844216,1994
1,-25.71288261923091,-50.67805251172497,2010
1,-18.59202719354388,-45.1488321064409,1986
1,-11.957070505037091,-63.29201606827446,1999
1,-3.834503706028381,-44.81196387489608,2003
1,-20.53077123973063,-45.55522994097658,1993
1,-12.569631697278194,-47.84512543172565,1993
1,-2.4474150758194275,-45.72689799177182,1985
1,-18.492583691591847,-54.144291867028564,1990
1,-15.815693976444088,-59.88237057587041,1994
1,-13.933274298571627,-42.75140827618273,2002
1,-4.191584031465891,-41.085931739425135,1996
1,-19.79073910867297,-54.208701072899935,1992
1,-16.216971413860275,-46.302268931250374,2015
1,-17.685177914225218,-53.795026884562894,2010
1,-7.9009075026522195,-41.28104581913589,1996
1,-14.401655887711543,-52.259985727059444,2010
1,-17.9428147377107,-44.116667844987575,2005
1,-2.7050518993049057,-54.508379051682205,1995
1,-1.3697062294612392,-56.90176046316184,1985
1,-9.577972306574953,-41.581801776259105,2012
1,-8.801288911925218,-51.66143825325061,2013
1,-20.659859146058604,-53.211840602112495,2014
1,-5.987495947477638,-36.03829815795754,1987
1,-4.998989808832516,-49.28234005478846,1999
1,-8.941965085418332,-63.40170036446546,1997
1,-15.52976022150884,-43.63103860239256,2012
1,-15.15246780217864,-50.51419980390157,1988
1,-29.79087468301989,-51.895090058650105,2014
1,-17.87328513471985,-53.727922732839154,2012
1,-9.843424473032274,-63.441316068495134,2001
1,-17.012249934891287,-57.721024002278845,2003
1,-13.275168521425664,-49.91187940589943,1989
1,-11.693504800676427,-51.07313157368075,1999
1,-28.20031764095787,-51.42455251282829,2010
1,-24.78177882724103,-54.331051614596994,1994
1,-12.731328448419712,-58.73432364276565,1993
1,-2.440947205773768,-49.91457435175179,1993
1,-18.297739106466324,-55.43220648987072,1988
1,-13.438482240078594,-45.879970916185776,2006
1,-21.746191819144343,-53.21884746132862,1995
1,-28.395431720668626,-50.65595395573562,2008
1,-4.232008219251268,-44.524413152449426,2002
1,-6.686834396164684,-50.798516591325395,1989
1,-14.830691267407028,-57.01710414564278,2003
1,-20.86251907415597,-55.09560775291113,1989
1,-17.541806794879747,-39.26846025659452,2003
1,-12.8372398204174,-42.227241307898986,2003
1,-5.106787642926861,-48.02730377134509,1994
1,-19.35900878312513,-49.09665828556096,1993
1,-1.5300555076765727,-52.37344294744374,1985
1,-18.69470463051874,-40.18339437347025,2007
1,-29.875765477369185,-51.7169541378092,1989
1,-5.021088364821859,-47.563503590154184,1998
1,-9.74074703605741,-68.35231589524814,2002
1,-14.89051906532939,-40.77062307469918,2006
1,-6.271273745730995,-57.40598483213813,2013
1,-28.209210962270646,-51.35717886651933,2002
1,-5.150715260320305,-48.779732653323606,1994
1,-21.84967773987491,-55.4230436739727,1996
1,-21.574254273763867,-48.75413066772618,1994
1,-10.356811657906576,-37.945511337671704,2011
1,-20.980827197074507,-56.4158617259816,1987
1,-16.664332425351795,-53.046370926777676,1987
1,-7.980677899882032,-35.56156223667531,2010
1,-21.8593795449434,-53.28056172134764,2013
1,-7.596917610506173,-36.295395992272546,2010
1,-11.310552995056273,-62.2806028898843,1998
1,-9.153248840243243,-51.318102151660135,1993
1,-18.673414558285106,-43.615677411034106,2004
1,-15.404175744788933,-43.027101236879005,1989
1,-2.8012614662341084,-45.20030557222096,2002
1,-0.6798000912574462,-48.73068463881067,1994
1,-10.602860214226915,-54.024366776598605,1988
1,-15.744816900527056,-55.28614042467288,1985
1,-5.246116343493797,-45.750613515272576,2006
1,-8.153423929018217,-54.15803609087558,2007
1,-21.048470337968713,-52.09397706255416,1987
1,-13.626050471402753,-41.61171567522029,1986
1,-12.667458231718811,-49.41978229325876,2007
1,-3.6224114674477623,-40.122758091792186,1993
1,-16.794498310020714,-55.12040125475283,1986
1,-26.006901211723232,-52.97791930212777,2003
1,-4.64298746173595,-48.135910089195136,2009
1,-9.75314378697826,-55.51682778963478,2001
1,-15.83348061906965,-52.96390558369551,2014
1,-0.8517376366379228,-59.630393138674876,1985
1,-9.026855879767627,-60.340241876186134,1994
1,-0.2257017151350276,-52.78415269534319,1998
1,-3.382022297417378,-60.85901895276516,1989
1,-28.700769085740852,-50.91305179005064,2012
1,-1.0403838463030215,-63.520277981969244,1988
1,-12.51007339394107,-60.081257579774466,1998
1,-12.542951733339846,-44.34924167204612,1986
1,-20.621321420369878,-41.07407397767476,1987
1,-12.437309855927387,-40.915341666970846,1993
1,-23.198767633565605,-55.41846226602368,1986
1,-12.335710397293472,-48.86650990976955,1988
1,-18.423593077771468,-44.65969943423782,1992
1,-11.443683320162787,-38.04118191543043,1986
1,-17.16505336472002,-45.9349478115739,1990
1,-18.508483872120767,-47.26517308429808,1987
1,-6.561249919444776,-37.24886783483701,1995
1,-22.14962521324242,-49.15459962138667,2015
1,-2.9044778923794405,-60.968972743541386,1997
1,-2.8977405277485446,-41.739995097792566,2012
1,-10.849447759717725,-50.631699443064406,1993
1,-2.9583768094266114,-51.81720612351694,2008
1,2.301349010621598,-61.34626516287158,2010
1,-12.266450288887857,-55.3554005330785,1994
1,-7.858327358184954,-42.89127596592014,2004
1,-11.020307326757257,-43.15915358364458,2014
1,-24.640563664577442,-47.74190900558031,2011
1,-10.616604438073944,-62.224548016155246,1998
1,-18.014230802798203,-41.37105701060467,1991
1,-7.878000462907171,-36.510722165876004,1992
1,-5.940334395061363,-61.45244602945451,1993
1,-8.337758225319543,-42.14288950272016,1994
1,-17.78084849198395,-50.53387290862379,1987
1,-7.753763459113442,-48.292216948631925,1985
1,-11.510517977301278,-58.0115391651631,2001
1,-26.40629218704277,-52.07053103363865,1997
1,-9.106356782412208,-69.7251213124396,1995
1,-23.56420229114543,-54.897798727348004,1999
1,-16.363306973643347,-57.74015811783059,2003
1,3.550456413189792,-51.24479962447597,2011
1,1.3306295146020428,-60.2513086630583,2003
1,0.3475132676616388,-52.11391966186162,2005
1,-16.17439126939301,-56.56677869371367,1986
1,-26.639674497857023,-51.819901069369294,1986
1,-2.5668011770789123,-54.707805044756725,1992
1,-10.378101730140207,-62.08387184266211,1990
1,-12.008813465402374,-41.54218607222944,1991
1,-12.558043430113054,-41.49394654147222,1998
1,-6.4027871033260935,-51.63502778389749,1997
1,-20.762806077618706,-40.85254942861089,2003
1,-7.627101004052588,-49.2141579247238,1987
1,-5.3665804230942245,-37.38523209496636,2009
1,-3.9013383631668734,-49.39013788888281,2003
1,-3.3087197702332256,-47.845394926310895,2015
1,-17.814265820553196,-47.00699727164214,1990
1,-4.758061649631661,-50.670506663338365,2005
1,-13.121017618670757,-60.381205053141976,1986
1,-15.586084589823134,-48.477629223274214,1994
1,-19.47300499267989,-57.62643140286106,1994
1,-30.12423948495665,-55.58150649009138,1995
1,-16.336088020534525,-54.52347074845541,2010
1,-9.839651548838967,-40.72750394106144,1992
1,-12.710846859941784,-60.21007599151722,2007
1,-3.32138601573931,-51.17500052689989,2011
1,-21.63300409334528,-43.63993192370535,2010
1,-2.4150757255911257,-55.91972219456239,2015
1,-20.455851745035066,-48.28116767063725,2005
1,-6.127633131800282,-36.98260718462399,2008
1,-10.867503896928522,-61.66831119222843,1989
1,-27.077872693450523,-52.55831623291554,2007
1,-20.949026836016678,-55.93993428845506,1991
1,-4.977160747428413,-45.93333084406248,1999
1,-17.470390729792243,-44.58909185290603,1998
1,-3.5488394456783743,-45.68809077149786,2012
1,-5.488122481035596,-35.27832342759242,1990
1,-14.634499209355324,-41.844828491449306,2000
1,-3.3960360158496434,-39.92764401208142,1992
1,-13.221808593548968,-55.20017165198264,1999
